Date,PM2.5,O3,NO2,CO,SO2,Temperature,Precipitation,Wind speed,Wind direction,RH,Solar irradiation,Traffic volume,
(yyyy-mm-dd),(μg/m3),(ppm),(ppm),(ppm),(ppm),(°C),(mm),(m/s),(°),(%),(MJ/m2),(vehicles),
2022-10-01,28,0.034,0.036,0.6,0.003,20.9,0,1.6,20,63.3,17.31,"50,408 ",
2022-10-02,19,0.023,0.027,0.5,0.003,19.4,15.8,2.7,50,78.9,3.8,"43,146 ",
2022-10-03,8,0.016,0.019,0.5,0.003,21.4,76,2.7,200,98.5,1.06,"40,753 ",
2022-10-04,6,0.02,0.01,0.4,0.003,17.9,11.8,2.9,270,83.8,6.5,"39,895 ",
2022-10-05,6,0.015,0.017,0.4,0.003,16.6,0.1,2.1,50,74.8,15.62,"55,293 ",
2022-10-06,3,0.011,0.015,0.4,0.003,15.8,0,2.1,50,76.6,7.74,"55,077 ",
2022-10-07,4,0.02,0.011,0.3,0.003,14.3,0,2.5,290,69.5,15.08,"56,242 ",
2022-10-08,5,0.017,0.024,0.4,0.003,15.8,0,2.5,50,64.6,18.48,"48,563 ",
2022-10-09,4,0.021,0.018,0.4,0.003,13.1,20.4,2.1,110,85.8,2.4,"43,741 ",
2022-10-10,3,0.026,0.008,0.3,0.002,9.9,0,3.8,270,72.9,9.31,"43,316 ",
2022-10-11,7,0.021,0.012,0.4,0.002,11.1,0,2.2,270,69.1,18.72,"54,404 ",
2022-10-12,10,0.011,0.029,0.6,0.003,13.5,0,1.8,50,68.1,18.13,"54,633 ",
2022-10-13,8,0.012,0.031,0.6,0.003,16.3,0,1.5,70,69.6,17.98,"54,916 ",
2022-10-14,12,0.012,0.029,0.6,0.004,17.1,0,1.6,20,73.4,13.52,"55,048 ",
2022-10-15,17,0.019,0.026,0.5,0.003,18.2,0,1.4,290,68.5,16.21,"50,890 ",
2022-10-16,20,0.014,0.024,0.6,0.003,16.9,0,1.7,270,73.9,6.15,"44,712 ",
2022-10-17,9,0.022,0.01,0.4,0.003,11.2,0,3.4,320,50.3,18.79,"53,309 ",
2022-10-18,8,0.021,0.012,0.4,0.003,9.4,0,2.3,270,52.1,18.27,"42,729 ",
2022-10-19,9,0.016,0.023,0.5,0.003,10.5,0,1.8,270,57.8,17.78,"53,830 ",
2022-10-20,16,0.017,0.033,0.6,0.003,12.9,0,1.8,20,64.4,17.2,"54,916 ",
2022-10-21,28,0.023,0.039,0.7,0.004,14,0,1.7,270,68.8,15.16,"54,844 ",
2022-10-22,21,0.023,0.031,0.6,0.003,15.1,0,1.9,270,76.3,14.93,"50,457 ",
2022-10-23,17,0.033,0.011,0.4,0.003,14,0,2.7,290,65,14.04,"45,525 ",
2022-10-24,9,0.026,0.014,0.4,0.003,10.6,0,2.8,290,52.6,16.88,"52,442 ",
2022-10-25,6,0.012,0.027,0.5,0.003,11.3,0,2,50,56.5,16.37,"53,481 ",
2022-10-26,7,0.011,0.031,0.5,0.003,12.9,0,1.9,70,58.3,12.66,"52,409 ",
2022-10-27,15,0.014,0.03,0.6,0.003,13.2,0,1.7,270,71.8,14.31,"54,020 ",
2022-10-28,19,0.015,0.032,0.6,0.003,13.6,0,1.7,20,70.1,14.35,"54,826 ",
2022-10-29,15,0.015,0.031,0.6,0.003,14.8,0,1.8,70,65.9,14.64,"49,897 ",
2022-10-30,15,0.017,0.027,0.5,0.003,14.9,0,1.9,70,64.5,13.64,"45,206 ",
2022-10-31,13,0.018,0.028,0.5,0.003,14.9,0,2.1,50,69.8,13.19,"52,556 ",
2022-11-01,22,0.027,0.021,0.5,0.003,13.1,0,1.8,270,73.5,9.52,"53,260 ",
2022-11-02,11,0.015,0.028,0.5,0.004,11.1,0,1.7,270,57.1,15.45,"30,788 ",
2022-11-03,11,0.012,0.024,0.5,0.003,9.3,0,2,270,58.1,5.36,"53,144 ",
2022-11-04,8,0.023,0.011,0.4,0.004,4.9,0,2.9,290,41.8,15.6,"54,068 ",
2022-11-05,12,0.015,0.026,0.5,0.003,6.5,0,1.7,270,51.3,15.06,"51,309 ",
2022-11-06,14,0.017,0.03,0.6,0.003,9.6,0,1.8,20,60.5,14.19,"45,995 ",
2022-11-07,19,0.014,0.041,0.6,0.004,11.4,0,1.7,270,64.5,8.35,"52,612 ",
2022-11-08,31,0.018,0.032,0.6,0.003,12.9,0,1.5,290,68.3,11.55,"53,764 ",
2022-11-09,49,0.016,0.038,0.7,0.003,11.4,0,1.5,20,76,9.82,"53,545 ",
2022-11-10,58,0.019,0.039,0.8,0.003,13.5,0,1.3,20,74.5,10.6,"54,854 ",
2022-11-11,36,0.013,0.048,0.9,0.003,15.6,0,1.8,70,62.5,11.75,"55,582 ",
2022-11-12,32,0.011,0.044,0.8,0.004,16.3,57.9,2.2,70,80,6.93,"47,534 ",
2022-11-13,11,0.014,0.013,0.5,0.003,10.3,0,2.6,250,85.6,3.61,"45,384 ",
2022-11-14,15,0.014,0.022,0.6,0.003,9.7,0,2.3,250,74.8,8.25,"52,599 ",
2022-11-15,17,0.013,0.029,0.6,0.003,8.1,1.6,2,20,77.4,6.96,"53,817 ",
2022-11-16,19,0.013,0.03,0.6,0.003,8.5,0,1.7,270,71.3,12.11,"30,026 ",
2022-11-17,21,0.007,0.041,0.7,0.003,10.2,0,1.6,50,64.6,11.46,"54,702 ",
2022-11-18,27,0.005,0.044,0.8,0.004,11,0,1.6,20,69.6,12.08,"55,853 ",
2022-11-19,18,0.013,0.038,0.7,0.003,12.9,0,2.3,70,55.8,11.5,"51,275 ",
2022-11-20,16,0.018,0.031,0.6,0.003,13.7,0,1.7,50,58.3,11.85,"46,072 ",
2022-11-21,22,0.011,0.039,0.7,0.004,11.8,0,1.6,20,70.5,6.36,"53,230 ",
2022-11-22,38,0.007,0.037,0.8,0.003,10.7,0,1.9,50,69.9,5.55,"54,749 ",
2022-11-23,15,0.027,0.02,0.5,0.003,10.8,0,2.1,270,56,11.6,"54,824 ",
2022-11-24,26,0.013,0.035,0.7,0.003,9.4,0,1.5,290,65.6,9.32,"52,923 ",
2022-11-25,33,0.022,0.035,0.7,0.004,12.3,1.7,3,50,67.1,10.66,"55,386 ",
2022-11-26,16,0.03,0.013,0.4,0.003,6.7,0,3,290,52.4,11.75,"49,851 ",
2022-11-27,8,0.016,0.025,0.5,0.003,5.4,0,2.4,50,43.1,10.15,"46,018 ",
2022-11-28,14,0.005,0.041,0.8,0.004,12.3,19.5,2.7,70,65.5,3.87,"50,795 ",
2022-11-29,10,0.025,0.014,0.5,0.003,6.9,3.8,3.5,290,67,5.34,"54,006 ",
2022-11-30,6,0.029,0.008,0.3,0.003,-5.4,0,3.9,290,49.1,12.17,"55,166 ",
2022-12-01,7,0.025,0.013,0.4,0.003,-5.4,0,2.4,320,43.4,10.23,"54,962 ",
2022-12-02,8,0.012,0.031,0.6,0.003,-2.5,0,1.7,50,42,11.87,"55,392 ",
2022-12-03,21,0.013,0.029,0.6,0.003,2.1,1.1,2.6,50,70.5,6.28,"49,077 ",
2022-12-04,6,0.032,0.009,0.3,0.003,-3.5,0,2.8,290,38.9,6.13,"43,830 ",
2022-12-05,9,0.02,0.021,0.4,0.003,-3.1,0,2.4,290,41.9,11.74,"52,416 ",
2022-12-06,13,0.012,0.035,0.6,0.003,0.9,0.1,2.4,20,62.8,9.16,"53,112 ",
2022-12-07,13,0.018,0.028,0.6,0.003,4.9,0.1,2.7,250,60.4,9.89,"53,878 ",
2022-12-08,9,0.011,0.035,0.6,0.003,3.7,0,1.4,270,57.5,9.97,"55,348 ",
2022-12-09,20,0.008,0.041,0.8,0.004,4.5,0,2,50,60.8,7.22,"56,040 ",
2022-12-10,18,0.007,0.042,0.7,0.004,2.6,0,1.3,270,46.5,6.71,"50,959 ",
2022-12-11,21,0.014,0.029,0.7,0.004,1.6,0,1.8,290,52.5,11.11,"41,952 ",
2022-12-12,18,0.004,0.048,0.8,0.004,2,5.4,1.7,20,73.4,5.05,"21,217 ",
2022-12-13,25,0.022,0.017,0.4,0.003,0,0.6,3.5,270,70.8,4.85,"51,745 ",
2022-12-14,9,0.023,0.01,0.4,0.003,-8.4,0,3.2,290,50.1,11.41,"54,284 ",
2022-12-15,18,0.005,0.037,0.6,0.004,-4.5,2.4,2.5,50,79.1,2.17,"33,414 ",
2022-12-16,16,0.016,0.025,0.6,0.004,-6.3,0,2,270,56.9,10.44,"26,534 ",
2022-12-17,12,0.021,0.017,0.5,0.004,-7,0.2,2.7,270,52,10.46,"50,001 ",
2022-12-18,7,0.025,0.009,0.4,0.003,-9.5,0,2.6,290,47.1,11.42,"9,872 ",
2022-12-19,10,0.014,0.028,0.5,0.003,-7,0,1.7,290,55.6,8.93,"41,901 ",
2022-12-20,19,0.006,0.046,0.7,0.004,-3.2,0,2.2,50,55.8,10.1,"53,772 ",
2022-12-21,27,0.008,0.04,0.7,0.004,-0.1,3.6,2.7,50,82.4,2.48,"47,070 ",
2022-12-22,13,0.024,0.012,0.4,0.003,-7.8,0,4.4,270,60.5,10.05,"54,012 ",
2022-12-23,10,0.024,0.01,0.4,0.002,-11.8,0,4.3,290,60.5,10.76,"55,293 ",
2022-12-24,17,0.011,0.031,0.6,0.003,-8.4,0,1.8,50,54.9,10.92,"50,774 ",
2022-12-25,25,0.011,0.038,0.8,0.003,-5.4,0,1.7,270,66.5,10.89,"45,219 ",
2022-12-26,29,0.005,0.051,0.9,0.004,-3.9,0,1.4,50,68.4,8.27,"51,523 ",
2022-12-27,31,0.009,0.048,0.9,0.004,-2.6,0,1.8,20,69.8,10.25,"53,577 ",
2022-12-28,17,0.018,0.027,0.6,0.004,-3.3,0.1,2.5,270,58.1,10.86,"53,414 ",
2022-12-29,14,0.013,0.034,0.6,0.004,-2.9,0,1.7,270,56.3,10.88,"54,192 ",
2022-12-30,22,0.014,0.036,0.7,0.004,-1.8,0,1.9,270,65.6,10.84,"27,122 ",
2022-12-31,31,0.007,0.051,1,0.004,-1.2,0,1.4,20,65.5,4.16,0 ,
2023-01-01,33,0.0223,0.0244,0.75,0.0044,-0.2,0,2.7,270,55,10.81,0 ,
2023-01-02,10,0.021,0.0175,0.48,0.0041,-4.5,0,2.5,270,46,11.63,0 ,
2023-01-03,14,0.0139,0.0307,0.62,0.0036,-5,0,1.8,270,49,11.77,0 ,
2023-01-04,19,0.0099,0.0432,0.76,0.0041,-1.8,0,1.9,270,51,10.89,0 ,
2023-01-05,28,0.0038,0.0561,0.97,0.0042,-1.6,0,1.6,20,58.1,6.09,0 ,
2023-01-06,51,0.0063,0.0589,1.09,0.0047,0.6,3.9,2.2,20,71.9,8.78,0 ,
2023-01-07,72,0.0193,0.0302,1.02,0.0038,1.5,0.1,2.2,270,80.9,4.78,0 ,
2023-01-08,42,0.0087,0.0413,0.9,0.0037,1.3,0,1.7,50,69.3,9.37,0 ,
2023-01-09,33,0.015,0.0348,0.76,0.0041,3.1,0,2.3,290,60.1,10.53,0 ,
2023-01-10,27,0.0064,0.049,0.83,0.0041,1.6,0,1.5,50,59.9,11.33,0 ,
2023-01-11,40,0.0041,0.0666,1.1,0.005,2.6,0,1.6,50,61.9,10.86,0 ,
2023-01-12,34,0.0045,0.0636,1.13,0.0054,5.9,0,2.2,70,46.6,10.88,0 ,
2023-01-13,11,0.006,0.0409,0.9,0.0043,8.3,37.3,2.5,70,99.1,1.11,0 ,
2023-01-14,8,0.0089,0.0282,0.69,0.0035,6.6,1.6,2.5,50,92.9,1.84,0 ,
2023-01-15,14,0.0203,0.0131,0.45,0.0029,-0.2,3.2,2.8,270,93.9,1.32,0 ,
2023-01-16,11,0.0256,0.0137,0.42,0.003,-4.6,0,2.7,270,63.1,12.95,0 ,
2023-01-17,15,0.0106,0.0323,0.64,0.0031,-3.7,0,1.8,50,65.1,5.27,0 ,
2023-01-18,20,0.0155,0.0286,0.65,0.0033,-1.9,0,2,290,60.5,12.71,0 ,
2023-01-19,20,0.014,0.0347,0.74,0.0035,-0.4,1,2.5,180,69.3,7.63,0 ,
2023-01-20,12,0.0273,0.0121,0.4,0.0029,-3.3,0,3.7,270,52.4,13.49,0 ,
2023-01-21,10,0.015,0.0245,0.52,0.0028,-4.5,0,1.8,50,55.4,12.37,0 ,
2023-01-22,11,0.0143,0.0279,0.49,0.0028,-0.6,0,2.6,50,62.8,4.41,0 ,
2023-01-23,26,0.0172,0.0252,0.65,0.0029,-0.8,0,2.7,290,66.6,10.15,0 ,
2023-01-24,8,0.0289,0.0052,0.37,0.0023,-14.7,0,4.6,290,51.9,14.08,0 ,
2023-01-25,8,0.017,0.0231,0.5,0.0027,-11.3,0,2.1,290,45.1,14.08,0 ,
2023-01-26,18,0.0047,0.0376,0.61,0.0028,-6,0.8,2.5,50,80.1,4.51,0 ,
2023-01-27,17,0.0251,0.0142,0.51,0.0031,-7.3,0,3.5,290,56.5,14.1,0 ,
2023-01-28,11,0.0207,0.0178,0.48,0.0032,-6,0,2.4,250,54.9,12.58,0 ,
2023-01-29,12,0.0165,0.0253,0.6,0.0033,-1.8,0,2.6,50,58.3,9.79,0 ,
2023-01-30,14,0.019,0.024,0.6,0.003,-0.9,0,2.1,270,55.9,14.17,0 ,
2023-01-31,14,0.012,0.041,0.7,0.004,2.4,0,2.7,50,69.1,6.5,0 ,
2023-02-01,28,0.026,0.019,0.6,0.003,0.9,0,3.2,290,68.4,13.24,0 ,
2023-02-02,14,0.021,0.017,0.5,0.003,-2.4,0,2.5,270,50.3,10.94,0 ,
2023-02-03,15,0.019,0.023,0.5,0.003,-1.6,0,2.2,270,47.4,13.54,0 ,
2023-02-04,21,0.018,0.032,0.6,0.004,-0.2,0,2,270,49.8,13.23,0 ,
2023-02-05,43,0.018,0.04,0.8,0.003,1.7,0,1.8,250,71,11.35,0 ,
2023-02-06,50,0.014,0.048,0.9,0.003,3,0,1.6,50,72.3,10.69,0 ,
2023-02-07,50,0.017,0.043,0.9,0.003,3.5,0,1.5,250,72.9,10.12,0 ,
2023-02-08,38,0.024,0.027,0.7,0.003,2.1,0,2.5,270,62.1,14.82,"18,741 ",
2023-02-09,19,0.016,0.038,0.7,0.003,4,0,2.5,50,49.9,12.36,"53,564 ",
2023-02-10,14,0.023,0.023,0.5,0.003,3.8,0.6,2.2,290,79.6,7.07,"54,320 ",
2023-02-11,29,0.013,0.039,0.7,0.003,2.8,0,1.8,20,73,10.9,"49,294 ",
2023-02-12,48,0.015,0.037,0.8,0.003,3.7,0,1.8,50,70,8.48,"42,922 ",
2023-02-13,19,0.021,0.029,0.7,0.003,5.9,0,2.3,50,66.5,5.44,"51,405 ",
2023-02-14,21,0.024,0.019,0.6,0.003,1.7,0,2.7,270,54.9,15.95,"54,232 ",
2023-02-15,10,0.02,0.025,0.5,0.003,3.2,0,2.5,50,46.4,15.24,"53,877 ",
2023-02-16,18,0.02,0.026,0.5,0.003,2.3,0,2.7,230,68.3,6.45,"54,636 ",
2023-02-17,33,0.012,0.043,0.7,0.003,3.4,0,1.8,20,67.8,13.67,"54,954 ",
2023-02-18,61,0.006,0.055,1,0.004,5.7,0,1.5,50,58.3,2.91,"49,815 ",
2023-02-19,31,0.032,0.019,0.5,0.003,3.5,0.4,3.3,270,56.1,14.47,"43,904 ",
2023-02-20,9,0.03,0.014,0.4,0.003,-0.5,0,3.3,270,46.4,18.16,"51,745 ",
2023-02-21,14,0.024,0.021,0.5,0.003,-1.3,0,2.1,270,42.4,18.25,"53,911 ",
2023-02-22,22,0.015,0.038,0.6,0.004,1.2,0,2.2,270,50.6,17,"53,907 ",
2023-02-23,21,0.028,0.024,0.5,0.003,2.9,0,1.9,270,65.5,15.87,"53,688 ",
2023-02-24,25,0.032,0.016,0.5,0.003,3.5,0,3,290,57.9,17.42,"55,270 ",
2023-02-25,16,0.031,0.013,0.4,0.003,0.7,0,2.9,290,44,18.6,"50,649 ",
2023-02-26,17,0.028,0.02,0.5,0.003,2.2,0,2.1,290,46.6,18.83,"41,591 ",
2023-02-27,26,0.015,0.045,0.7,0.004,4.4,0,1.9,20,47.4,18.65,"51,246 ",
2023-02-28,22,0.016,0.04,0.7,0.003,4.3,0,2,270,63.4,10.26,"51,834 ",
2023-03-01,15,0.032,0.016,0.4,0.003,6,0,3.1,270,54.4,10.19,"44,328 ",
2023-03-02,10,0.03,0.014,0.4,0.003,2.2,0,2.8,250,37.8,19.45,"53,028 ",
2023-03-03,14,0.019,0.031,0.5,0.003,4.6,0,2.1,270,65,15.67,"54,716 ",
2023-03-04,39,0.022,0.036,0.7,0.003,7.7,0,1.9,50,68.4,14.91,"49,079 ",
2023-03-05,44,0.027,0.034,0.7,0.003,8,0,1.7,270,54,17.21,"42,637 ",
2023-03-06,28,0.027,0.044,0.7,0.004,9.2,0,2.1,20,41.9,18.63,"51,567 ",
2023-03-07,31,0.024,0.043,0.7,0.004,11.7,0,2.3,50,60.9,15.35,"54,157 ",
2023-03-08,27,0.024,0.038,0.7,0.004,12.5,1.2,2,20,66.3,8.39,"53,860 ",
2023-03-09,40,0.021,0.034,0.7,0.003,10.3,3.7,2.3,230,85.9,6.52,"54,357 ",
2023-03-10,49,0.02,0.042,0.9,0.004,13.5,0,2.1,50,62.1,17.03,"54,526 ",
2023-03-11,48,0.033,0.038,0.8,0.004,15.2,0,2.4,20,52,16.95,"46,811 ",
2023-03-12,22,0.039,0.014,0.5,0.003,5.9,5.6,3.7,250,68,3.68,"42,486 ",
2023-03-13,6,0.03,0.016,0.4,0.003,2.9,0,3.2,230,38.9,20.79,"52,574 ",
2023-03-14,8,0.025,0.026,0.5,0.003,9.2,0,2.9,200,45.9,19.73,"54,534 ",
2023-03-15,10,0.022,0.025,0.5,0.003,8.6,0,3,200,66.6,5.62,"54,555 ",
2023-03-16,8,0.03,0.013,0.4,0.003,4.6,0,2.4,270,36.8,18.09,"54,719 ",
2023-03-17,12,0.023,0.023,0.5,0.003,7.2,0,1.7,290,34.3,13.94,"55,479 ",
2023-03-18,24,0.028,0.02,0.6,0.004,7.7,0,2.6,270,46.4,19.07,"49,079 ",
2023-03-19,55,0.031,0.028,0.8,0.004,8.3,0,2.1,270,59.6,21.25,"46,759 ",
2023-03-20,52,0.022,0.044,0.8,0.004,9.5,0,1.6,250,50.4,20.06,"52,687 ",
2023-03-21,29,0.027,0.045,0.7,0.004,13,0,1.7,50,35.1,21.6,"54,066 ",
2023-03-22,29,0.026,0.042,0.8,0.004,17,0,1.8,50,44.8,16.64,"54,765 ",
2023-03-23,24,0.026,0.025,0.6,0.004,17.4,0,2.5,290,48.9,14.5,"54,534 ",
2023-03-24,21,0.022,0.025,0.5,0.004,12.5,0,2.3,270,36.8,16.13,"55,830 ",
2023-03-25,22,0.026,0.023,0.5,0.003,12.5,0,2.3,50,59.9,15.13,"47,209 ",
2023-03-26,14,0.038,0.01,0.4,0.003,9.4,0,3.6,290,34,24.36,"45,120 ",
2023-03-27,17,0.036,0.02,0.5,0.003,7.3,0,2.3,270,44.8,22.88,"53,410 ",
2023-03-28,25,0.027,0.033,0.6,0.004,9.2,0,2.1,20,53.3,18.44,"53,684 ",
2023-03-29,34,0.026,0.035,0.6,0.004,11.8,0,1.9,250,50.3,21.79,"54,662 ",
2023-03-30,37,0.036,0.035,0.7,0.004,13.3,0,2.2,250,42.5,23.58,"55,827 ",
2023-03-31,44,0.039,0.039,0.7,0.004,15,0,2.1,250,42.5,22.99,"55,381 ",
2023-04-01,41,0.038,0.038,0.7,0.004,17.5,0,1.8,290,40.4,21.48,"50,978 ",
2023-04-02,28,0.035,0.026,0.5,0.003,18.8,0,2.4,70,29.6,24.08,"44,875 ",
2023-04-03,29,0.035,0.032,0.6,0.004,19,0,2.3,50,29.4,22.95,"53,996 ",
2023-04-04,18,0.032,0.03,0.5,0.004,17.6,6.9,2.6,110,40.4,10.78,"54,493 ",
2023-04-05,10,0.022,0.023,0.5,0.003,11.9,50.3,3.4,70,97.8,1.56,"52,267 ",
2023-04-06,52,0.034,0.024,0.8,0.003,8.8,2.7,2.5,180,94.6,2.15,"54,126 ",
2023-04-07,38,0.031,0.023,0.6,0.003,8.9,0,2.9,230,65,23.34,"54,664 ",
2023-04-08,6,0.031,0.016,0.4,0.003,8.8,0,3.2,250,51.1,25.74,"51,394 ",
2023-04-09,13,0.031,0.021,0.5,0.003,10.8,0,2.5,200,56.8,25.54,"44,823 ",
2023-04-10,16,0.032,0.026,0.5,0.003,13.2,0,2.7,200,50.8,22.29,"53,354 ",
2023-04-11,15,0.029,0.021,0.4,0.003,13.1,2.9,3.6,230,73.4,2.01,"53,707 ",
2023-04-12,22,0.025,0.022,0.4,0.003,10.1,0,2.7,250,45.1,24.87,"54,386 ",
2023-04-13,21,0.018,0.033,0.5,0.004,11.9,0,1.8,50,45,16.17,"54,887 ",
2023-04-14,15,0.026,0.031,0.6,0.004,16.2,0,1.6,180,58.6,14.25,"55,800 ",
2023-04-15,17,0.028,0.021,0.5,0.003,13.5,4.6,2.2,250,81.8,9.5,"50,779 ",
2023-04-16,25,0.033,0.016,0.5,0.003,10.8,0,2.5,250,71.4,14.45,"44,628 ",
2023-04-17,22,0.03,0.027,0.5,0.004,13.1,0,2,50,59,17.76,"52,599 ",
2023-04-18,15,0.023,0.028,0.6,0.003,14,1.5,2.7,50,78.6,10.85,"53,699 ",
2023-04-19,16,0.029,0.027,0.6,0.003,19.1,0,2.4,70,66.1,27.82,"53,043 ",
2023-04-20,10,0.028,0.018,0.5,0.003,15.8,0.5,2.4,270,92.1,4.12,"53,296 ",
2023-04-21,10,0.031,0.014,0.4,0.003,16.7,0,2.5,320,50.4,21.05,"54,980 ",
2023-04-22,9,0.03,0.018,0.4,0.003,16.9,0,2.6,50,22.9,21.2,"50,881 ",
2023-04-23,12,0.029,0.018,0.4,0.003,16.1,0,2.1,50,34.1,19.47,"44,571 ",
2023-04-24,14,0.031,0.023,0.5,0.003,15.8,0,2.7,70,40.5,20.31,"51,169 ",
2023-04-25,13,0.022,0.026,0.5,0.003,10.9,0.4,1.9,50,68.6,5.22,"53,392 ",
2023-04-26,11,0.03,0.018,0.4,0.003,10.2,0,3.1,200,69.9,15.52,"42,672 ",
2023-04-27,18,0.026,0.028,0.6,0.003,12.9,0,1.9,270,61.6,26.55,"55,509 ",
2023-04-28,14,0.026,0.03,0.6,0.003,15.7,1.9,2.1,230,62,21.25,"55,531 ",
2023-04-29,10,0.023,0.016,0.5,0.002,13.2,25.1,2.9,250,88.1,6.04,"48,572 ",
2023-04-30,11,0.034,0.012,0.4,0.003,12.7,0.1,3.3,250,72.9,19.71,"46,668 ",
2023-05-01,14,0.0319,0.0144,0.41,0.0027,14.6,0,2.5,270,57,26.8,"42,566 ",
2023-05-02,10,0.0252,0.0301,0.53,0.0033,16.7,0,2.1,70,40.5,21.58,"52,729 ",
2023-05-03,14,0.0298,0.025,0.51,0.0035,19.5,0,2.1,290,52.5,26.2,"55,026 ",
2023-05-04,19,0.0283,0.0275,0.51,0.0031,21.4,0,2.1,110,65.5,16.89,"57,073 ",
2023-05-05,4,0.0147,0.0165,0.44,0.0026,18.4,30.2,2.5,50,95.3,1.74,"42,814 ",
2023-05-06,8,0.029,0.0137,0.4,0.0024,12.6,47.5,5.4,70,85.6,5.42,"46,677 ",
2023-05-07,21,0.0272,0.0168,0.43,0.0024,14.4,0,2.6,70,47.1,12.18,"45,814 ",
2023-05-08,20,0.0219,0.0262,0.52,0.0029,15.3,0,2.2,270,55.3,28.55,"53,091 ",
2023-05-09,26,0.0307,0.0334,0.6,0.0037,17,0,2.3,270,55.4,28.29,"54,268 ",
2023-05-10,28,0.0327,0.0303,0.61,0.0039,18.4,0,1.8,290,53.3,25.58,"54,547 ",
2023-05-11,22,0.0326,0.029,0.59,0.0044,19.5,0,2.3,270,50.1,27.64,"55,134 ",
2023-05-12,30,0.0326,0.0324,0.61,0.0047,18.4,0,1.8,270,50.9,19.9,"54,981 ",
2023-05-13,25,0.038,0.0171,0.47,0.0033,17.8,0,2,290,62,23.86,"52,807 ",
2023-05-14,11,0.0357,0.0136,0.38,0.0032,18.1,0,2,270,56.5,25.41,"44,682 ",
2023-05-15,19,0.0365,0.027,0.53,0.0033,20.6,0,2.4,230,54.6,26.49,"53,237 ",
2023-05-16,30,0.0474,0.0318,0.61,0.0038,24,0,2.5,200,51.9,27.62,"54,283 ",
2023-05-17,14,0.0308,0.0208,0.46,0.0033,23.5,0,3.4,230,63.6,27.59,"54,384 ",
2023-05-18,16,0.0239,0.021,0.46,0.003,21.2,1.3,2.1,50,74.8,13.7,"55,270 ",
2023-05-19,11,0.0283,0.0223,0.45,0.0029,22.3,0,2.3,50,61.4,25.57,"55,898 ",
2023-05-20,12,0.0319,0.0159,0.41,0.0031,21.2,0,3,50,66.9,25.72,"51,354 ",
2023-05-21,17,0.0337,0.0121,0.4,0.0028,17.8,0.2,3,230,74,20.72,"49,036 ",
2023-05-22,24,0.0265,0.0195,0.47,0.0031,20.3,0,1.9,270,61.3,23.93,"52,698 ",
2023-05-23,12,0.028,0.0175,0.4,0.0028,20.5,0,2.2,270,48,29.85,"53,586 ",
2023-05-24,15,0.0287,0.0289,0.51,0.0038,20.6,0,2,270,49.8,19.16,"54,603 ",
2023-05-25,12,0.0363,0.0212,0.43,0.0034,21.2,0,2.4,270,46.6,27.9,"55,864 ",
2023-05-26,12,0.0375,0.02,0.42,0.0033,21.4,0.5,2.1,270,57.4,26.25,"56,166 ",
2023-05-27,14,0.0146,0.0252,0.52,0.0029,19.3,31.8,1.7,50,87.4,3.13,"46,698 ",
2023-05-28,5,0.0138,0.0151,0.4,0.0026,19.2,41.8,1.8,50,98.9,2.46,"41,959 ",
2023-05-29,8,0.0157,0.0192,0.49,0.003,23.2,2.3,1.6,50,83.4,15.87,"42,605 ",
2023-05-30,21,0.0176,0.022,0.53,0.0034,24,0,2.2,50,69.5,18.2,"53,562 ",
2023-05-31,13,0.0319,0.0236,0.48,0.0036,22.8,0,2.5,50,60.8,23.98,"53,182 ",
2023-06-01,18,0.0377,0.0187,0.46,0.0035,22.8,0,1.9,290,66.9,15.18,"54,440 ",
2023-06-02,14,0.0339,0.0158,0.42,0.0031,20.4,0,2.3,250,77.4,14.24,"55,295 ",
2023-06-03,12,0.0362,0.0165,0.42,0.0034,22,0,2.7,270,60.1,31.19,"46,330 ",
2023-06-04,16,0.0501,0.017,0.49,0.0035,22.1,0,2.4,250,61,28.74,"44,482 ",
2023-06-05,13,0.0377,0.0205,0.45,0.0035,21.5,0,2.6,250,66.9,26.6,"52,628 ",
2023-06-06,9,0.0424,0.0118,0.35,0.0029,20.3,0,2.6,270,72.9,21.98,"43,952 ",
2023-06-07,17,0.0344,0.028,0.54,0.0032,21.4,0,2.1,160,75.3,10.07,"54,008 ",
2023-06-08,10,0.0294,0.0219,0.5,0.0032,20.4,1.9,2.4,270,80.5,10.19,"55,001 ",
2023-06-09,12,0.0407,0.0229,0.49,0.0032,23.3,1.2,2,250,64,28.15,"54,423 ",
2023-06-10,18,0.0438,0.0224,0.52,0.0033,23.2,0.8,2.3,200,70,18.18,"49,472 ",
2023-06-11,12,0.0433,0.0114,0.41,0.0029,22.1,32.2,2.2,50,76.1,21.1,"42,923 ",
2023-06-12,16,0.0333,0.0224,0.52,0.0033,22.2,0,1.7,270,70.5,19.9,"52,989 ",
2023-06-13,13,0.0354,0.0189,0.45,0.0033,22,0,2.2,270,70,25.43,"54,864 ",
2023-06-14,16,0.0332,0.0185,0.48,0.003,20.6,30.6,1.5,270,80.3,13.12,"53,723 ",
2023-06-15,16,0.0322,0.0174,0.49,0.0031,22.7,0,2.1,270,70.8,25.05,"54,872 ",
2023-06-16,14,0.0357,0.0206,0.48,0.0033,23.7,0,2.1,250,64.4,29.89,"55,359 ",
2023-06-17,11,0.038,0.0188,0.44,0.0032,24.2,0,2,270,57.1,27.4,"49,153 ",
2023-06-18,15,0.04,0.0148,0.44,0.0033,25.9,0,2,270,60.5,28.79,"45,054 ",
2023-06-19,29,0.0476,0.0297,0.61,0.0037,28.5,0,2.2,50,57.8,25.29,"53,389 ",
2023-06-20,20,0.0244,0.0318,0.63,0.0039,24.7,6.4,1.9,70,64.5,5.89,"54,481 ",
2023-06-21,5,0.0171,0.015,0.43,0.003,20.5,24.9,2.1,50,92.6,4.79,"51,519 ",
2023-06-22,9,0.0244,0.0137,0.42,0.0031,22.5,0,2.2,250,77.1,21.48,"54,556 ",
2023-06-23,20,0.033,0.0247,0.64,0.0031,24.4,0,1.5,270,76.6,18.74,"54,562 ",
2023-06-24,24,0.0397,0.02,0.55,0.0031,26.4,0,2,270,70.5,21.93,"50,211 ",
2023-06-25,21,0.0358,0.0177,0.5,0.0029,28.2,0,2.1,140,64.9,23.62,"44,536 ",
2023-06-26,10,0.0195,0.0192,0.5,0.003,24.2,30.3,2.9,200,88.6,3.39,"51,408 ",
2023-06-27,10,0.0353,0.0189,0.46,0.003,25.3,2.5,3.2,230,73.1,20.95,"53,946 ",
2023-06-28,19,0.0342,0.0213,0.54,0.0031,26.5,0,2.5,230,77.4,18.56,"54,081 ",
2023-06-29,21,0.0218,0.0225,0.58,0.0031,24.2,63.8,2.3,200,95.4,2.31,"52,348 ",
2023-06-30,21,0.0364,0.0212,0.57,0.003,25.3,1,1.8,250,89.8,10.02,"37,960 ",
2023-07-01,16,0.0339,0.0163,0.49,0.003,27.7,0,2,250,76.9,29.21,"53,818 ",
2023-07-02,12,0.0272,0.0112,0.41,0.0029,26.7,0,1.9,270,79.5,19.16,"38,485 ",
2023-07-03,20,0.0332,0.0255,0.56,0.0031,29.1,0,1.8,270,72,25.34,"52,539 ",
2023-07-04,22,0.0233,0.0245,0.59,0.0033,26.1,61.8,2.3,90,86.8,6.08,"51,783 ",
2023-07-05,13,0.039,0.017,0.54,0.0031,24.5,15.3,3.7,230,82.6,19.96,"51,053 ",
2023-07-06,24,0.0443,0.0259,0.72,0.0035,27.3,0,2.7,200,70.9,25.47,"53,657 ",
2023-07-07,18,0.0333,0.0253,0.62,0.0036,26.7,0,2.3,110,64.9,23.96,"55,790 ",
2023-07-08,6,0.0272,0.0216,0.52,0.0032,25.6,0,2.2,70,76.5,13.93,"46,291 ",
2023-07-09,7,0.0277,0.0155,0.46,0.0029,24.7,47.5,2,50,86.4,8.07,"41,994 ",
2023-07-10,17,0.035,0.0213,0.55,0.0031,26.3,11.5,2.3,250,80.4,18.41,"51,871 ",
2023-07-11,9,0.023,0.0296,0.6,0.0033,23.5,58.3,1.9,50,92.4,2.21,"51,883 ",
2023-07-12,13,0.0208,0.0206,0.5,0.0031,25.8,0.7,1.5,270,86.4,12.34,"53,907 ",
2023-07-13,14,0.0084,0.0273,0.62,0.0032,25.2,91.6,1.6,70,95,2.63,"49,247 ",
2023-07-14,10,0.0185,0.0175,0.47,0.0032,24.6,72.7,2.9,200,99.1,1.52,"51,573 ",
2023-07-15,13,0.0284,0.0185,0.54,0.0034,24.5,2.3,3,180,93.5,3.16,"41,036 ",
2023-07-16,13,0.0298,0.0143,0.44,0.0031,24.6,9.7,2.3,180,89.5,5.31,"44,819 ",
2023-07-17,13,0.0201,0.0198,0.49,0.0035,25.5,1.4,1.7,200,86.1,10.78,"51,384 ",
2023-07-18,7,0.0087,0.0166,0.51,0.0034,25.2,2.3,1.4,20,87.9,7.94,"53,338 ",
2023-07-19,16,0.0282,0.0161,0.5,0.0035,27.2,0,1.7,290,78.8,26.41,"54,978 ",
2023-07-20,37,0.0418,0.0212,0.65,0.0036,27.9,0,1.8,290,74,24.17,"53,115 ",
2023-07-21,46,0.0621,0.0252,0.73,0.0037,29.5,0,1.8,50,69.6,23.64,"55,398 ",
2023-07-22,20,0.0293,0.0182,0.49,0.0038,27.7,12.3,2.6,90,73.9,17.66,"29,765 ",
2023-07-23,5,0.0095,0.0092,0.35,0.0031,25.2,40.2,2.1,200,94.3,2.37,"40,711 ",
2023-07-24,14,0.0328,0.0189,0.49,0.0033,26.9,0.4,2,200,83.1,14.08,"52,196 ",
2023-07-25,10,0.021,0.0157,0.42,0.0033,27.8,5.6,2.7,200,80.5,16.84,"54,449 ",
2023-07-26,5,0.014,0.0144,0.38,0.0033,27.6,1,2.2,50,80.9,15.79,"53,930 ",
2023-07-27,13,0.0223,0.0176,0.43,0.0035,28.4,0,1.9,50,78.1,18.25,"54,808 ",
2023-07-28,21,0.022,0.0183,0.41,0.0038,29.5,0,2.1,270,72.4,23.36,"55,080 ",
2023-07-29,19,0.0222,0.0127,0.35,0.0036,29.1,0,2,20,72.1,18.5,"47,418 ",
2023-07-30,10,0.027,0.013,0.33,0.0031,28.8,25,1.9,20,72.5,21.99,"43,449 ",
2023-07-31,19,0.0263,0.0143,0.39,0.0031,28.7,0.3,1.7,290,76.3,20.26,"52,447 ",
2023-08-01,20,0.0422,0.0171,0.34,0.003,29.9,0,1.9,50,71.6,21.25,"53,469 ",
2023-08-02,21,0.0303,0.0145,0.28,0.003,29.7,0,2.1,270,67.8,24.81,"52,807 ",
2023-08-03,14,0.0229,0.0152,0.25,0.0031,29.5,0,2.1,270,67,25.4,"54,313 ",
2023-08-04,12,0.0249,0.0132,0.22,0.0031,30,0,1.9,270,67.6,23.13,"54,978 ",
2023-08-05,11,0.0255,0.0091,0.19,0.003,30.3,0,2,290,69,27.31,"47,443 ",
2023-08-06,14,0.0255,0.0107,0.22,0.0027,29.8,4.9,1.7,290,76.5,12.95,"41,683 ",
2023-08-07,5,0.0194,0.0167,0.18,0.0029,30.4,0,2.7,50,68.4,15.83,"51,667 ",
2023-08-08,4,0.0189,0.0158,0.14,0.0029,30.9,0,2.9,50,60.5,23.96,"53,003 ",
2023-08-09,4,0.0154,0.0132,0.17,0.0027,28.3,0.2,3.2,50,67.6,13.66,"53,533 ",
2023-08-10,3,0.0303,0.0106,0.16,0.0027,22.2,86.1,3.7,50,91.9,2.42,"45,735 ",
2023-08-11,9,0.0255,0.0192,0.14,0.0031,23.5,46.7,2.3,200,93.1,3.94,"51,004 ",
2023-08-12,10,0.0216,0.0226,,0.003,23.3,1.5,1.9,50,91,4.19,"44,052 ",
2023-08-13,17,0.0324,0.0175,,0.0031,27,0,1.7,50,76.9,17.49,"44,113 ",
2023-08-14,27,0.0298,0.0186,0.54,0.0036,28.1,0,1.6,50,75.4,13.71,"52,896 ",
2023-08-15,16,0.0301,0.012,0.43,0.0033,28.6,0,2.3,50,71.4,21.84,"45,175 ",
2023-08-16,12,0.0296,0.0176,0.47,0.0034,27.3,0.3,2.1,50,72,15.46,"49,518 ",
2023-08-17,18,0.0452,0.0221,0.59,0.0036,28.2,0,1.7,270,73,18.24,"53,947 ",
2023-08-18,26,0.05,0.0237,0.61,0.0037,29.1,0.1,1.9,50,72.1,19.56,"55,984 ",
2023-08-19,18,0.042,0.0192,0.53,0.004,29.1,0,1.9,250,68.9,21.24,"49,688 ",
2023-08-20,17,0.039,0.0135,0.47,0.0034,28.3,0,1.6,270,71.8,15.87,"36,957 ",
2023-08-21,15,0.025,0.0222,0.51,0.0037,29.5,0,2.4,200,69.8,19.04,"52,798 ",
2023-08-22,12,0.0182,0.0182,0.45,0.0037,27.6,42.6,2.4,160,80.3,10.5,"52,666 ",
2023-08-23,5,0.0245,0.0227,0.5,0.0034,24.8,41.8,2.2,50,91.3,3.33,"52,443 ",
2023-08-24,3,0.0269,0.0204,0.49,0.0033,25.1,5.2,2.8,50,84.8,12.56,"54,593 ",
2023-08-25,8,0.0346,0.0146,0.47,0.0034,26.5,0,2.6,270,77.9,20.42,"56,357 ",
2023-08-26,23,0.0575,0.0203,0.65,0.0036,26.4,0,1.8,290,72.3,19.84,"50,264 ",
2023-08-27,17,0.0324,0.0151,0.53,0.0033,26.1,0,1.8,50,75,12,"45,727 ",
2023-08-28,7,0.019,0.0194,0.51,0.0031,22.7,10.4,3.3,50,87.5,3.99,"51,841 ",
2023-08-29,7,0.0153,0.0181,0.49,0.0033,23.9,54.8,2.1,250,89.6,2.87,"52,157 ",
2023-08-30,9,0.0151,0.0253,0.64,0.0035,22.8,3.5,1.1,200,88,4.42,"52,868 ",
2023-08-31,11,0.0267,0.0214,0.55,0.0036,23.9,0,1.3,320,76.9,18.53,"55,543 ",
2023-09-01,12,0.0325,0.0155,0.48,0.0034,24.5,0,2,270,70.6,24.59,"55,562 ",
2023-09-02,15,0.0306,0.0212,0.52,0.0033,25.4,0,1.6,50,63.9,23.72,"51,207 ",
2023-09-03,11,0.0223,0.0146,0.47,0.0031,25.8,0.1,2.2,50,77.8,12.19,"33,462 ",
2023-09-04,9,0.0142,0.0178,0.48,0.0034,27,0.3,1.8,50,79.9,10.24,"52,144 ",
2023-09-05,9,0.0223,0.0198,0.45,0.0035,28.5,0,1.8,290,69.5,19.14,"55,101 ",
2023-09-06,8,0.0187,0.0205,0.47,0.0034,27.9,0,2.4,50,65.1,22.64,"55,739 ",
2023-09-07,8,0.0251,0.0222,0.49,0.0033,26.3,0,2.5,50,54.8,24.56,"55,906 ",
2023-09-08,8,0.0343,0.0163,0.42,0.0032,25.3,0,2.3,50,60.3,24.13,"55,540 ",
2023-09-09,14,0.0379,0.018,0.46,0.0035,25.8,0,1.8,270,66.3,22.64,"50,479 ",
2023-09-10,20,0.047,0.0155,0.49,0.0035,25.7,0,1.6,290,68.1,14.57,"46,315 ",
2023-09-11,17,0.0446,0.0152,0.43,0.0033,25.5,0,1.9,270,67.3,14.79,"40,378 ",
2023-09-12,15,0.0341,0.0185,0.45,0.0033,25.7,0,1.5,290,69.8,12.52,"54,931 ",
2023-09-13,13,0.021,0.0258,0.52,0.0033,22.1,15.9,1.8,50,84.5,3.35,"53,556 ",
2023-09-14,4,0.0215,0.0188,0.45,0.0032,23.4,0,2.4,70,72.4,13.7,"55,946 ",
2023-09-15,4,0.0198,0.0197,0.47,0.0031,22.3,2.1,2.6,50,82.3,5.35,"51,799 ",
2023-09-16,6,0.0156,0.0176,0.46,0.003,23.9,38.7,1.7,50,87.8,6.3,"47,342 ",
2023-09-17,10,0.0323,0.012,0.4,0.0032,24.7,3,1.4,270,84.8,12.49,"39,570 ",
2023-09-18,11,0.0287,0.0176,0.43,0.0039,24.7,0,1.9,270,79.1,13.83,"53,490 ",
2023-09-19,17,0.034,0.0214,0.47,0.0035,24.1,0,1.6,270,81.1,8.98,"53,138 ",
2023-09-20,14,0.0245,0.0229,0.51,0.0031,20.6,35.8,2.7,50,90.4,2.53,"52,600 ",
2023-09-21,4,0.0254,0.0139,0.39,0.0066,20.1,0,2.3,50,70.9,13.28,"55,526 ",
2023-09-22,8,0.0178,0.0177,0.47,0.0065,20.5,0,1.7,20,68.4,20.37,"43,318 ",
2023-09-23,8,0.0192,0.0216,0.48,0.0039,21.8,0,2.5,50,63.9,19.69,"41,522 ",
2023-09-24,4,0.03,0.0131,0.38,0.0029,21.8,0,2.9,70,56.4,19.16,"45,310 ",
2023-09-25,4,0.0207,0.022,0.46,0.0031,21.6,1.9,2.3,50,66.4,11.15,"53,126 ",
2023-09-26,3,0.0115,0.0219,0.5,0.003,19.9,27.8,2.4,50,95.8,2.33,"37,869 ",
2023-09-27,5,0.0149,0.0157,0.46,0.0026,21.5,4.4,1.8,50,90.1,6.65,"52,734 ",
2023-09-28,27,0.051,0.0114,0.65,0.0028,22.7,0,2,270,78.3,17.06,"40,893 ",
2023-09-29,12,0.0368,0.0113,0.49,0.0027,21.1,0,1.4,270,61.5,16.39,"36,481 ",
2023-09-30,11,0.0396,0.0126,0.48,0.0027,19.7,4.5,2.2,200,77,7.45,"37,347 ",
2023-10-01,7,0.0355,0.0082,0.37,0.0026,18.4,0,2.4,290,59.5,20.05,"19,395 ",
2023-10-02,7,0.023,0.0152,0.43,0.0025,18.2,0,1.7,320,53.8,19.93,"20,257 ",
2023-10-03,10,0.0164,0.0213,0.54,0.0026,17.5,0,1.7,50,66.3,9.4,"19,273 ",
2023-10-04,10,0.0275,0.0189,0.53,0.0027,17.3,14.7,2.1,20,75.5,12.11,"24,616 ",
2023-10-05,5,0.0322,0.0084,0.36,0.0025,14.2,0,2.6,290,46.1,19.99,"24,934 ",
2023-10-06,8,0.0186,0.0188,0.48,0.0027,15.5,0,1.6,270,55.3,17.92,"26,532 ",
2023-10-07,8,0.0144,0.0233,0.55,0.0029,16.8,0,2.1,50,62.6,13.16,"23,572 ",
2023-10-08,4,0.0208,0.0168,0.45,0.0025,17.1,0,2.5,50,67.1,5.92,"21,317 ",
2023-10-09,5,0.0266,0.017,0.44,0.0025,17.4,1.2,1.9,50,68.1,11.77,"20,595 ",
2023-10-10,10,0.0199,0.0185,0.51,0.0027,17.1,0,1.6,50,67.1,18.62,"26,107 ",
2023-10-11,14,0.0127,0.0291,0.59,0.0029,17.6,0,1.7,50,57.5,17.49,"26,496 ",
2023-10-12,15,0.0081,0.0318,0.61,0.003,17.5,0,1.5,20,62.4,14.4,"26,194 ",
2023-10-13,25,0.0319,0.0272,0.54,0.0033,17.5,0,1.5,50,69.6,9.14,"26,221 ",
2023-10-14,16,0.0115,0.0272,0.57,0.003,14.7,5.8,1.4,50,84.9,6.54,"23,661 ",
2023-10-15,14,0.0282,0.0159,0.55,0.0028,16.1,0,2,250,80,13.73,"20,039 ",
2023-10-16,17,0.0303,0.015,0.51,0.0031,14.7,0,2.4,290,57,18,"26,196 ",
2023-10-17,12,0.0188,0.0253,0.53,0.0029,13.8,0,1.6,270,55.6,17.85,"26,107 ",
2023-10-18,15,0.0186,0.035,0.66,0.0033,15.7,0,2.1,200,67,14.37,"26,548 ",
2023-10-19,16,0.0163,0.0339,0.69,0.0035,17,8.2,1.5,180,82.5,2.88,"26,607 ",
2023-10-20,6,0.0255,0.0082,0.37,0.0034,11.6,0,3.2,270,46.9,17.9,"26,970 ",
2023-10-21,5,0.0199,0.0145,0.43,0.0029,10.4,1.1,2.3,290,54.8,16.7,"24,766 ",
2023-10-22,9,0.0184,0.0196,0.49,0.0026,12.5,0,1.7,230,67.3,14.58,"22,090 ",
2023-10-23,13,0.0195,0.0286,0.62,0.0029,15.2,0,1.7,50,73.8,12.64,"25,472 ",
2023-10-24,17,0.0154,0.0351,0.66,0.0032,15.6,0,1.7,20,78.5,9.34,"26,471 ",
2023-10-25,18,0.0186,0.032,0.63,0.0032,16.6,0,1.4,270,78.6,11.4,"26,760 ",
2023-10-26,26,0.0263,0.0355,0.66,0.0033,17.2,0,2.1,50,79.4,5.79,"27,061 ",
2023-10-27,15,0.0249,0.0167,0.49,0.0028,15.7,0,1.9,290,71.1,10.07,"27,218 ",
2023-10-28,16,0.0115,0.0314,0.62,0.0034,14.2,0,1.4,20,62.9,15.3,"23,458 ",
2023-10-29,16,0.02,0.0252,0.56,0.0031,14.9,0,1.7,50,61.6,15.3,"21,469 ",
2023-10-30,23,0.0192,0.0353,0.65,0.0036,15.1,0,1.7,20,72,13.71,"25,461 ",
2023-10-31,28,0.023,0.0337,0.65,0.0036,16.5,0,1.8,50,76,10.57,"26,366 ",
2023-11-01,23,0.0345,0.0294,0.56,0.0035,19,0,2.4,200,81.8,2.23,"26,419 ",
2023-11-02,16,0.0383,0.0257,0.52,0.0036,20.8,0,2.9,200,70.9,12.86,"26,528 ",
2023-11-03,13,0.0281,0.0223,0.46,0.0031,19.5,8.5,2.8,180,83.3,6.1,"26,774 ",
2023-11-04,14,0.0151,0.0196,0.54,0.0028,17.4,0,2.6,50,75.5,8.32,"23,525 ",
2023-11-05,8,0.0205,0.017,0.46,0.0028,17.3,10.4,3.3,50,87,3.75,"20,821 ",
2023-11-06,7,0.0291,0.0106,0.42,0.0026,13.3,45.8,4.9,250,84.9,4.42,"24,914 ",
2023-11-07,6,0.0284,0.0122,0.37,0.0025,5.8,0,3.2,270,62.5,14.34,"26,639 ",
2023-11-08,10,0.0092,0.0318,0.69,,8.4,0,1.7,50,55.1,13.65,"26,329 ",
2023-11-09,15,0.012,0.0331,0.8,,11.4,5.1,2.1,50,73.1,6.78,"25,355 ",
2023-11-10,8,0.0282,0.0092,0.39,0.003,3.4,0,3.9,320,53.1,14.52,"26,615 ",
2023-11-11,8,0.0245,0.012,0.4,0.003,1.7,0,2.2,270,47.9,10.9,"24,148 ",
2023-11-12,9,0.032,0.0074,0.38,0.0027,1.2,0,2.2,290,53.8,14.17,"22,397 ",
2023-11-13,11,0.0239,0.0162,0.45,0.0029,2,0,2.3,270,54,14.18,"25,783 ",
2023-11-14,12,0.0193,0.0235,0.54,0.0031,5,0,1.7,290,66.1,12.94,"26,027 ",
2023-11-15,22,0.0078,0.0348,0.8,0.0033,7,0,1.5,20,71.4,10.47,"26,277 ",
2023-11-16,31,0.0053,0.0359,0.79,0.0034,6.6,8.4,1.9,50,85,1.09,"25,783 ",
2023-11-17,8,0.0195,0.0145,0.42,0.003,1.6,0,2.9,290,59.3,7.42,"26,879 ",
2023-11-18,12,0.0256,0.0102,0.42,0.0028,0.6,0,3.5,270,58.9,12.88,"24,034 ",
2023-11-19,21,0.0196,0.0239,0.63,0.0031,5.9,0,2.4,50,68.3,7.79,"21,727 ",
2023-11-20,14,0.014,0.0261,0.62,0.0032,6.2,0,1.5,270,58.4,12.93,"25,682 ",
2023-11-21,18,0.007,0.0411,0.84,0.0039,7.4,0,1.7,20,59.6,12.57,"26,679 ",
2023-11-22,24,0.0093,0.0438,0.88,0.0045,9.5,0,1.8,20,68.1,10.28,"26,764 ",
2023-11-23,42,0.0283,0.0224,0.74,0.0036,9.9,0.1,3.3,230,71.1,8.41,"26,961 ",
2023-11-24,7,0.029,0.0085,0.34,0.0028,-1.5,0,3.8,290,51.8,12.67,"27,514 ",
2023-11-25,7,0.0235,0.016,0.43,0.0029,-1.3,0,1.8,270,42.8,12.67,"24,799 ",
2023-11-26,13,0.0123,0.0323,0.57,0.0032,4,0,1.4,50,43.6,6.39,"21,557 ",
2023-11-27,23,0.0106,0.0306,0.7,0.0032,6.2,3.6,2.4,50,82.9,2.35,"25,951 ",
2023-11-28,16,0.0264,0.0134,0.48,0.0031,1.3,0,3.3,270,58,9.86,"26,336 ",
2023-11-29,8,0.0191,0.0226,0.49,0.0031,-1.4,0,2.6,50,59,4.75,"26,921 ",
2023-11-30,6,0.0297,0.0109,0.37,0.0029,-4.3,0,2.8,290,48.5,12.44,"26,771 ",
2023-12-01,22,9,0.0222,0.0181,0.46,0.003,0,2,290,55.3,12.2,"26,959 ",
2023-12-02,34,16,0.0122,0.0323,0.67,0.0034,0,2.4,50,60.8,8.25,"23,965 ",
2023-12-03,36,18,0.0238,0.0175,0.57,0.0036,0,1.7,290,56.3,11.62,"20,944 ",
2023-12-04,39,22,0.004,0.0441,0.94,0.0038,0,1.6,20,59.5,10.39,"25,782 ",
2023-12-05,40,25,0.0061,0.044,0.84,0.0041,0,2,50,55.4,8.09,"25,341 ",
2023-12-06,62,46,0.0074,0.0417,1.02,0.0043,3.8,2.3,50,76.1,1.87,"25,928 ",
2023-12-07,58,15,0.0168,0.0256,0.57,0.004,0,2.6,230,64,9.35,"26,410 ",
2023-12-08,72,20,0.0269,0.0297,0.67,0.0037,0,3,200,73.4,7.54,"26,750 ",
2023-12-09,65,28,0.0407,0.022,0.6,0.0033,0,2,200,82.9,4.05,"23,207 ",
2023-12-10,70,30,0.0219,0.0213,0.68,0.0033,0,,,67.9,,"20,897 ",
2023-12-11,7,3,0.0212,0.0171,0.43,0.0028,11.4,,,82.9,1.54,"25,131 ",
2023-12-12,11,4,0.0141,0.02,0.51,0.0028,0.4,2.7,50,75.6,6.08,"26,171 ",
2023-12-13,16,6,0.0057,0.0297,0.69,0.0033,0,2.4,50,74.1,6.06,"26,423 ",
2023-12-14,11,6,0.0105,0.0243,0.54,0.0032,17,4.5,50,85.8,1.46,"25,949 ",
2023-12-15,7,5,0.0191,0.0213,0.46,0.0028,31.1,3.6,50,95.4,1.48,"26,441 ",
2023-12-16,19,8,0.031,0.0095,0.4,0.0027,1.5,5.2,270,68.9,8.49,"24,051 ",
2023-12-17,15,6,0.0304,0.016,0.37,0.0026,0,3.2,290,48.9,11.81,"21,511 ",
2023-12-18,15,6,0.0221,0.0196,0.48,0.0027,0,2.2,50,45.1,7.01,"26,066 ",
2023-12-19,24,12,0.0082,0.0358,0.63,0.0031,0.3,1.9,50,63.1,5.77,"25,464 ",
2023-12-20,41,23,0.0295,0.0129,0.56,0.003,0.8,3.4,270,64.1,9.07,"26,090 ",
2023-12-21,21,10,0.0291,0.01,0.43,0.0025,0,3,270,57.4,11.49,"14,354 ",
2023-12-22,22,10,0.0278,0.0112,0.43,0.0028,0,2.7,290,51.8,11.56,"26,510 ",
2023-12-23,35,16,0.011,0.0332,0.71,0.0032,0,1.8,20,53.4,10.84,"23,448 ",
2023-12-24,37,25,0.0093,0.0352,0.7,0.0033,1.1,1.6,70,73.4,10.09,"20,846 ",
2023-12-25,40,29,0.0149,0.0315,0.77,0.0033,0.7,1.5,250,80.8,4.14,"18,662 ",
2023-12-26,45,29,0.0099,0.0402,0.93,0.0037,0,1.8,50,72.9,9.17,"25,543 ",
2023-12-27,71,48,0.0057,0.0469,1.19,0.004,0,1.4,50,76.6,9.47,"26,062 ",
2023-12-28,47,31,0.0087,0.0374,0.94,0.0039,0,1.6,270,69.5,9.25,"25,972 ",
2023-12-29,41,28,0.0109,0.0329,0.81,0.0037,0,1.7,20,71,5.43,"25,826 ",
2023-12-30,38,25,0.0056,0.0362,0.79,0.0034,13.1,2.6,50,92,0.69,"17,231 ",
2023-12-31,22,13,0.0159,0.0225,0.77,0.0032,4.7,2,290,95.5,3.06,"20,322 ",
2024-01-01,23,16,0.014,0.0262,0.86,0.0034,0,1.7,70,83.4,7.44,"18,361 ",
2024-01-02,38,24,0.0249,0.0177,0.56,0.003,0,1.6,290,72.6,3.87,"23,175 ",
2024-01-03,39,24,0.0243,0.02,0.56,0.003,0.6,1.6,270,80.4,3.32,"24,810 ",
2024-01-04,51,31,0.0126,0.0336,0.85,0.0037,0,1.9,50,74.3,5.22,"25,397 ",
2024-01-05,80,48,0.0188,0.0327,0.92,0.0038,0,2.3,270,77.1,7.77,"25,747 ",
2024-01-06,25,12,0.0267,0.0152,0.47,0.0033,2.4,2.2,270,63.9,11.42,"22,604 ",
2024-01-07,24,11,0.0282,0.009,0.46,0.003,0,3.1,270,57.4,12.13,"18,668 ",
2024-01-08,24,11,0.0127,0.0255,0.59,0.0034,0,1.8,50,57.8,11.65,"24,546 ",
2024-01-09,35,24,0.0023,0.0411,0.83,0.0037,1.6,2,50,84,1.48,"21,935 ",
2024-01-10,65,47,0.0057,0.0374,0.89,0.0036,0,1.7,270,85.9,7.81,"25,022 ",
2024-01-11,62,43,0.0073,0.0396,0.83,0.0041,0,1.9,200,80.6,4.58,"25,617 ",
2024-01-12,53,30,0.0247,0.0179,0.61,0.0035,0,2.3,250,61.6,11.77,"25,980 ",
2024-01-13,27,12,0.017,0.0258,0.64,0.0037,0,1.4,270,44.3,12.05,"1,360 ",
2024-01-14,33,22,0.0105,0.0323,0.89,0.0035,3.1,2.1,50,74.5,1.28,0 ,
2024-01-15,22,10,0.028,0.013,0.45,0.0035,0,2.5,270,51.3,12.82,"19,854 ",
2024-01-16,32,16,0.0121,0.0333,0.78,0.0037,0,1.5,50,49.8,11.86,"25,215 ",
2024-01-17,38,25,0.0024,0.0455,1.01,0.0041,9.7,2,50,78.5,1.9,"24,534 ",
2024-01-18,27,18,0.0113,0.03,0.75,0.0037,0.5,2.4,50,81.5,9.86,"25,569 ",
2024-01-19,16,7,0.0261,0.0215,0.54,0.0033,0,4.5,50,65.4,10.29,"26,484 ",
2024-01-20,7,3,0.0301,0.0149,0.39,0.0028,0.4,5.3,50,69.5,2.74,"22,618 ",
2024-01-21,18,13,0.0275,0.0127,0.48,0.0027,0.4,2.5,50,75.8,3.57,"19,606 ",
2024-01-22,30,17,0.0309,0.0091,0.44,0.0026,0.2,4.1,290,65.6,8.49,"10,473 ",
2024-01-23,21,10,0.0254,0.0076,0.41,0.0026,0,3.9,270,53.6,13.53,"25,792 ",
2024-01-24,23,11,0.005,0.0081,0.5,0.0023,0,3.3,270,52,13.63,"25,129 ",
2024-01-25,24,11,0.0117,0.0143,0.53,0.0028,0,2.1,270,47.8,13.57,"25,863 ",
2024-01-26,35,20,0.0176,0.0289,0.65,0.0034,0,1.9,270,62.5,12.68,"26,269 ",
2024-01-27,46,30,0.0254,0.0251,0.72,0.0036,0,1.8,270,70,12.43,"22,422 ",
2024-01-28,29,17,0.0282,0.0201,0.56,0.0032,0,1.9,270,62.3,12.52,"20,022 ",
2024-01-29,39,24,0.0109,0.0329,0.83,0.0032,0,1.7,290,66.6,12.65,"24,828 ",
2024-01-30,52,33,0.0134,0.0445,1.04,0.0038,0,1.4,50,59.3,12.73,"20,881 ",
2024-01-31,54,36,0.0196,0.0413,0.98,0.0042,0,1.9,50,54.1,12.65,"25,254 ",
2024-02-01,72,49,0.0262,0.0292,0.9,0.0038,0,2.1,270,64.9,10.12,"26,120 ",
2024-02-02,38,25,0.0168,0.0328,0.67,0.0035,0,2.1,50,65.5,10.3,"26,462 ",
2024-02-03,32,21,0.0123,0.0332,0.67,0.0035,0,2.2,50,63.9,6.77,"22,342 ",
2024-02-04,22,14,0.0198,0.0245,0.56,0.0033,0,1.8,70,60.9,10.88,"20,138 ",
2024-02-05,9,4,0.0287,0.0204,0.42,0.003,3.9,5,50,81.8,3.47,"24,873 ",
2024-02-06,14,9,0.0231,0.0234,0.5,0.003,0.2,2.2,50,83.5,4.49,"26,012 ",
2024-02-07,31,23,0.0249,0.0204,0.64,0.003,0,2.1,270,76.6,3.61,"25,767 ",
2024-02-08,37,26,0.0239,0.0287,0.76,0.0034,0,1.6,270,66.9,13.96,"25,236 ",
2024-02-09,32,21,0.0276,0.0244,0.65,0.0034,0,2.2,250,66.8,12.47,"18,132 ",
2024-02-10,45,31,0.0351,0.0198,0.68,0.0032,0,1.9,250,69.4,11.32,"18,695 ",
2024-02-11,63,45,0.0346,0.0196,0.71,0.0032,0,2.2,250,70.6,10.38,"17,740 ",
2024-02-12,58,39,0.0228,0.0294,0.79,0.0033,0,1.8,50,62.8,15.35,"17,230 ",
2024-02-13,58,35,0.0197,0.0388,0.94,0.0038,0,2.5,50,70.6,10.98,"23,429 ",
2024-02-14,46,27,0.0177,0.0365,1.01,0.0044,0,2.2,230,76.4,10.39,"22,574 ",
2024-02-15,20,13,0.0314,0.0135,0.44,0.0031,10.9,2.9,270,89.9,2.71,"25,473 ",
2024-02-16,26,16,0.0175,0.0269,0.57,0.0033,0,1.8,270,72.4,13.32,"26,248 ",
2024-02-17,41,27,0.0157,0.0351,0.69,0.0036,0,1.7,50,73.5,15.33,"22,513 ",
2024-02-18,37,24,0.0102,0.0351,0.71,0.0036,17.1,2.8,50,81.4,3.01,"20,072 ",
2024-02-19,14,8,0.0106,0.0277,0.73,0.0038,8.9,2.3,250,95.8,1.37,"24,391 ",
2024-02-20,26,13,0.0151,0.0214,0.55,0.0033,2.6,3.4,50,86.3,2.34,"25,854 ",
2024-02-21,6,3,0.0244,0.0202,0.4,0.0029,17.8,5.2,50,92.5,2.77,"24,591 ",
2024-02-22,8,3,0.0268,0.0199,0.38,0.0029,8.8,4.2,50,84.5,4.5,"24,192 ",
2024-02-23,12,4,0.0266,0.0212,0.4,0.0028,0.4,3.5,50,68.8,15.28,"26,112 ",
2024-02-24,18,6,0.0291,0.0176,0.38,0.0028,2.3,2.9,70,68.6,12.07,"23,408 ",
2024-02-25,15,8,0.0296,0.0127,0.39,0.0027,1.8,2,50,80.8,7.55,"20,437 ",
2024-02-26,30,15,0.0212,0.0213,0.53,0.003,0,1.9,50,65.3,14.98,"25,393 ",
2024-02-27,22,8,0.0279,0.0224,0.42,0.0029,0,3,70,52,13.06,"25,701 ",
2024-02-28,32,16,0.0234,0.0253,0.46,0.0031,0,2.1,50,59.5,10.2,"24,479 ",
2024-02-29,49,31,0.0254,0.0235,0.59,0.0033,0,2.2,290,63.6,7.01,"26,672 ",
2024-03-01,34,11,0.0416,0.006,0.31,0.0029,0,4.4,290,38.9,20.33,"43,883 ",
2024-03-02,32,12,0.0353,0.0151,0.38,0.0029,0,3.2,200,60.4,13.21,"43,113 ",
2024-03-03,101,57,0.0412,0.0172,0.59,0.003,0,2.9,250,71.5,13.52,"39,587 ",
2024-03-04,65,32,0.0194,0.0369,0.64,0.0034,0,1.6,50,45.5,17.79,"50,499 ",
2024-03-05,41,20,0.0233,0.0348,0.58,0.0034,0,2.9,70,45.1,6.29,"52,402 ",
2024-03-06,16,6,0.0285,0.0239,0.45,0.0029,0,2.8,50,58.8,10.31,"52,535 ",
2024-03-07,31,16,0.0307,0.0226,0.46,0.003,2.1,3,50,62.4,8.77,"53,814 ",
2024-03-08,38,19,0.0415,0.0128,0.43,0.0032,0,3.4,270,50.6,19.91,"53,826 ",
2024-03-09,31,15,0.0346,0.0151,0.41,0.0031,0,2.7,250,50.8,21.15,"43,219 ",
2024-03-10,28,15,0.0308,0.0214,0.44,0.0032,0,2.1,270,54,20.38,"34,719 ",
2024-03-11,33,17,0.0192,0.0372,0.56,0.0035,0,,,62.3,,"52,025 ",
2024-03-12,26,15,0.0252,0.0275,0.49,0.0031,2.1,,,78,0.3,"29,186 ",
2024-03-13,42,23,0.0376,0.0257,0.52,0.0037,0,2.7,230,57.6,20.78,"53,418 ",
2024-03-14,55,32,0.0398,0.0301,0.54,0.0036,0,,250,58.3,,"47,234 ",
2024-03-15,47,29,0.0335,0.0265,0.5,0.0031,0,2.3,200,68.5,20.18,"54,709 ",
2024-03-16,48,27,0.0348,0.0247,0.53,0.0032,0,2.1,50,54.5,18.28,"46,715 ",
2024-03-17,76,17,0.0433,0.0087,0.35,0.0025,0.1,3.7,290,48,18.59,"44,825 ",
2024-03-18,19,6,0.0331,0.0171,0.36,0.0028,0,2.4,270,28.6,21.33,"51,238 ",
2024-03-19,47,23,0.0365,0.0187,0.45,0.0027,0.2,3.7,200,60.8,9.63,"53,365 ",
2024-03-20,38,21,0.0397,0.0109,0.38,0.0025,0,3.4,290,46.5,19.09,"54,032 ",
2024-03-21,33,17,0.0352,0.0219,0.44,0.0031,0,2,290,46.5,22.43,"54,505 ",
2024-03-22,40,16,0.0294,0.0301,0.51,0.0033,5.4,3.4,50,57,10.25,"54,039 ",
2024-03-23,51,20,0.0442,0.0151,0.45,0.0029,0.1,2.3,270,66,19.2,"50,445 ",
2024-03-24,33,13,0.0316,0.0232,0.52,0.0033,0,2.4,70,42.5,19.89,"44,328 ",
2024-03-25,19,7,0.0289,0.022,0.43,0.0033,5.1,4,50,63,4.68,"52,205 ",
2024-03-26,9,3,0.032,0.0171,0.36,0.0027,11.5,2.6,50,77.3,13.76,"53,683 ",
2024-03-27,24,13,0.0227,0.0264,0.49,0.0031,0,2,50,68.4,18.46,"54,485 ",
2024-03-28,28,14,0.0206,0.0262,0.54,0.0032,1.9,1.8,50,81.8,4.13,"55,528 ",
2024-03-29,194,29,0.0288,0.0215,0.5,0.003,1.4,2.8,250,73,6.68,"46,824 ",
2024-03-30,78,16,0.0304,0.0227,0.49,0.0031,0,2.4,50,56.5,16.07,"48,728 ",
2024-03-31,37,10,0.0357,0.0142,0.4,0.0031,0,1.9,290,39.9,22.79,"44,688 ",
2024-04-01,36,11,0.0311,0.024,0.45,0.0033,0,1.8,250,32,23.72,"52,303 ",
2024-04-02,50,21,0.0306,0.0365,0.61,0.0042,0,2,20,37.5,21.69,"54,014 ",
2024-04-03,42,20,0.019,0.0404,0.64,0.0042,0,1.8,70,55.9,7.18,"52,837 ",
2024-04-04,32,13,0.0349,0.0228,0.45,0.0041,0,2.9,50,52.1,15.47,"53,763 ",
2024-04-05,41,18,0.0408,0.0214,0.44,0.0034,0,2.5,90,51.3,17.11,"55,725 ",
2024-04-06,58,35,0.0375,0.0271,0.56,0.0038,0,1.9,270,48.6,17.49,"50,712 ",
2024-04-07,50,29,0.046,0.0243,0.57,0.0039,0,2,250,33.4,23.4,"44,253 ",
2024-04-08,49,25,0.0303,0.0348,0.62,0.0038,0,2.1,270,46.5,14.44,"52,363 ",
2024-04-09,37,16,0.0389,0.0197,0.45,0.0032,0,3.5,50,32.4,25.68,"55,515 ",
2024-04-10,40,15,0.0455,0.0132,0.37,0.0031,0,2.6,180,62.6,15.38,"42,806 ",
2024-04-11,44,18,0.0371,0.023,0.5,0.0037,0,1.8,50,61,14.28,"53,836 ",
2024-04-12,45,21,0.0336,0.0248,0.52,0.0038,0,2.1,270,59.6,23.59,"55,356 ",
2024-04-13,36,15,0.0346,0.0203,0.43,0.0034,0,1.9,270,52.4,25.65,"3,558 ",
2024-04-14,39,20,0.0409,0.0211,0.53,0.0042,0,1.9,50,47.1,24.93,"35,831 ",
2024-04-15,22,11,0.0246,0.023,0.46,0.0038,17.1,2.5,50,77.4,3.18,"51,826 ",
2024-04-16,69,22,0.0348,0.0189,0.53,0.0031,2.3,2.5,200,82.6,13.45,"53,310 ",
2024-04-17,124,34,0.0225,0.0246,0.62,0.0035,0,2.2,250,65.3,23.2,"37,996 ",
2024-04-18,99,21,0.0309,0.0248,0.56,0.004,0,2.2,270,53.3,25.45,"55,245 ",
2024-04-19,84,26,0.0548,0.0299,0.6,0.005,0,2.1,230,51.8,23.5,"55,540 ",
2024-04-20,54,24,0.0348,0.0254,0.64,0.0039,4.8,3,70,77.3,4.46,"48,955 ",
2024-04-21,19,6,0.0422,0.0112,0.43,0.0032,0,3.8,70,65.5,11.86,"43,951 ",
2024-04-22,31,15,0.0428,0.0196,0.46,0.0032,0,3.1,50,49.4,19.34,"52,870 ",
2024-04-23,21,9,0.0409,0.0185,0.4,0.0032,0,3.6,50,55,19.16,"53,151 ",
2024-04-24,13,5,0.0298,0.0153,0.38,0.0029,9,3,50,80.1,9.53,"53,869 ",
2024-04-25,28,16,0.0446,0.021,0.51,0.0031,0,1.9,270,75.6,18.59,"54,779 ",
2024-04-26,54,23,0.0378,0.0254,0.57,0.0037,0,1.9,250,61.1,23.74,"55,411 ",
2024-04-27,38,19,0.0436,0.0226,0.56,0.004,0,1.9,250,56.4,28.23,"3,585 ",
2024-04-28,34,21,0.0504,0.0235,0.58,0.0041,0,1.6,70,53.5,25.14,0 ,
2024-04-29,39,20,0.0486,0.0226,0.51,0.0038,0,3,50,48,21.36,"43,625 ",
2024-04-30,54,33,0.0409,0.0272,0.62,0.005,0,2.2,200,62.5,17.95,"54,033 ",
2024-05-01,25,13,0.0468,0.0152,0.37,0.0037,0,2.4,70,46,26.05,"47,049 ",
2024-05-02,32,17,0.042,0.0209,0.45,0.0039,0,2.4,250,48.4,28.72,"53,930 ",
2024-05-03,43,23,0.0473,0.0306,0.55,0.0046,0,1.9,270,46.9,28.28,"55,986 ",
2024-05-04,49,31,0.0628,0.03,0.62,0.0053,0,1.9,20,44.8,26.61,"48,298 ",
2024-05-05,22,14,0.0285,0.0154,0.46,0.0037,48.3,2.5,50,87.4,2.17,"42,191 ",
2024-05-06,11,6,0.0449,0.0113,0.41,0.003,12.3,3.1,200,92.9,2.71,"41,401 ",
2024-05-07,23,13,0.0274,0.0188,0.49,0.0031,2.4,3,50,77.3,4.75,"52,939 ",
2024-05-08,20,9,0.032,0.0145,0.4,0.0027,0,2.3,50,58.8,27.21,"54,016 ",
2024-05-09,28,13,0.0402,0.0175,0.4,0.0026,0,2.9,200,63.6,27.17,"55,026 ",
2024-05-10,29,13,0.0434,0.0198,0.42,0.0025,0,2.6,230,55.6,28.02,"55,847 ",
2024-05-11,21,7,0.0303,0.0134,0.33,0.0022,31.7,3.5,200,80,5.72,"49,332 ",
2024-05-12,58,12,0.0382,0.0087,0.33,0.002,0,2.7,250,65,28.91,"47,861 ",
2024-05-13,28,12,0.0383,0.018,0.43,0.0022,0,2.3,270,51.9,30.09,"51,472 ",
2024-05-14,25,13,0.0421,0.0226,0.43,0.0027,0,2.4,270,43.3,30.02,"48,311 ",
2024-05-15,19,7,0.0403,0.012,0.33,0.0024,20.6,2.7,290,74.3,8.35,"43,316 ",
2024-05-16,16,7,0.0393,0.0124,0.36,0.0023,0.1,3.1,290,61.3,31.35,"52,820 ",
2024-05-17,41,19,0.0488,0.0223,0.5,0.0027,0,2.2,250,63.6,24.4,"54,377 ",
2024-05-18,26,10,0.0327,0.0169,0.41,0.0023,0,2,270,65.3,26.88,"51,141 ",
2024-05-19,22,10,0.0375,0.0105,0.32,0.0024,0,1.9,270,63.1,28.99,"45,044 ",
2024-05-20,31,15,0.024,0.0157,0.36,0.0025,0,2.3,270,75,11.45,"52,244 ",
2024-05-21,46,26,0.0379,0.0194,0.44,0.0023,0,1.9,270,68.1,26.37,"53,751 ",
2024-05-22,58,35,0.0396,0.0198,0.52,0.0027,0,2.3,270,68.9,27.4,"54,340 ",
2024-05-23,30,17,0.0325,0.0174,0.38,0.0025,0,2.5,250,67.9,30.1,"55,463 ",
2024-05-24,32,21,0.0278,0.012,0.37,0.0021,0,2.1,270,75.1,20.51,"55,507 ",
2024-05-25,34,20,0.0322,0.0176,0.41,0.0022,0,1.8,50,62.8,17.34,"49,751 ",
2024-05-26,24,14,0.0365,0.0118,0.35,0.0021,8.7,2.7,110,74.3,10.2,"43,169 ",
2024-05-27,24,10,0.042,0.0095,0.3,0.0021,0,3.3,270,63.4,26.89,"50,635 ",
2024-05-28,16,7,0.0316,0.0151,0.34,0.0021,0,2.5,50,54.8,27.55,"53,959 ",
2024-05-29,23,11,0.0335,0.0205,0.39,0.003,0,2.1,270,51.6,29.38,"46,343 ",
2024-05-30,26,14,0.0379,0.024,0.45,0.0032,0,1.6,20,49.1,12.97,"55,646 ",
2024-05-31,24,13,0.0458,0.0152,0.35,0.0027,1,2.6,270,60,30.31,"55,519 ",
2024-06-01,29,13,0.0424,0.0102,0.31,0.0021,0,2.8,270,61.3,27.02,"51,865 ",
2024-06-02,20,9,0.0502,0.0077,0.29,0.0023,0,2.7,290,51.9,28.7,"43,717 ",
2024-06-03,18,7,0.0303,0.0156,0.33,0.0021,0,2.4,50,47.4,29.95,"51,805 ",
2024-06-04,18,9,0.0365,0.0165,0.35,0.0023,0,2.4,50,42.1,31.17,"53,277 ",
2024-06-05,39,23,0.0448,0.026,0.52,0.003,0,1.9,290,53.9,25.14,"56,019 ",
2024-06-06,41,28,0.0525,0.0227,0.47,0.0028,0,2,270,54.3,24.47,"45,520 ",
2024-06-07,31,18,0.0467,0.0233,0.43,0.0028,0.8,1.9,270,54.3,20.41,"52,685 ",
2024-06-08,26,17,0.0287,0.0148,0.38,0.0022,16.9,1.6,50,79.5,9.7,"47,267 ",
2024-06-09,29,19,0.0427,0.0124,0.4,0.0025,0,1.8,270,68.9,28.38,"43,149 ",
2024-06-10,47,30,0.0602,0.0202,0.52,0.0029,0,2.2,270,66.3,26.57,"51,094 ",
2024-06-11,58,37,0.079,0.0197,0.52,0.0029,0,2.4,180,62.4,27.17,"54,059 ",
2024-06-12,28,14,0.0532,0.0192,0.41,0.0028,0,2.1,250,60.8,27.73,"54,331 ",
2024-06-13,28,16,0.045,0.0199,0.41,0.0029,0,1.8,270,51.4,29.8,"44,852 ",
2024-06-14,33,19,0.0421,0.0229,0.43,0.0035,0,2.3,270,56,24.24,"56,143 ",
2024-06-15,25,17,0.0266,0.0123,0.32,0.0026,6.1,1.9,270,72.3,15.71,"49,676 ",
2024-06-16,20,11,0.0465,0.0102,0.33,0.0025,0,2.8,270,58.4,30.02,"44,756 ",
2024-06-17,20,11,0.0462,0.0197,0.4,0.003,0,2.4,250,48.4,28.17,"52,775 ",
2024-06-18,26,14,0.0453,0.0204,0.39,0.003,0,2.1,270,59.5,29.22,"53,815 ",
2024-06-19,37,24,0.0676,0.0255,0.51,0.0031,0,1.6,270,54.3,28.25,"54,717 ",
2024-06-20,41,26,0.0702,0.0248,0.52,0.0036,0,2,270,45.1,25.99,"55,248 ",
2024-06-21,36,21,0.0566,0.0249,0.45,0.004,0,2,270,49.8,24.75,"56,523 ",
2024-06-22,30,20,0.0269,0.0215,0.52,0.0029,16.5,2,50,80.6,3.59,"49,848 ",
2024-06-23,16,8,0.0313,0.0089,0.34,0.0022,5.1,2.2,200,79.5,18.84,"43,454 ",
2024-06-24,49,18,0.0467,0.015,0.41,0.0023,0,2.9,230,70.4,19.62,"53,096 ",
2024-06-25,20,8,0.047,0.0135,0.34,0.0026,0,3,250,61.9,25.24,"54,664 ",
2024-06-26,25,13,0.0425,0.0202,0.41,0.0027,0,1.9,270,61,27.64,"54,188 ",
2024-06-27,29,15,0.0465,0.0248,0.46,0.0028,0,1.6,270,55,23.84,"53,783 ",
2024-06-28,37,24,0.0684,0.0215,0.45,0.0029,0,2.1,270,54.6,28.84,"39,087 ",
2024-06-29,30,20,0.0498,0.0194,0.44,0.0025,38.3,2.2,70,65.1,20.46,"48,867 ",
2024-06-30,20,11,0.0356,0.0093,0.34,0.0022,32.2,3.7,200,88.5,3.89,"40,874 ",
2024-07-01,24,13,0.0501,0.0148,0.38,0.0021,0,1.8,270,69.1,24.69,"52,236 ",
2024-07-02,18,10,0.0155,0.0199,0.46,0.0023,65.1,2.8,50,90,1.93,"51,057 ",
2024-07-03,25,13,0.0461,0.0141,0.47,0.0025,0.8,3.6,230,80.3,8.91,"53,673 ",
2024-07-04,38,27,0.0612,0.0175,0.53,0.0026,3.6,3,200,74.8,18.81,"54,239 ",
2024-07-05,19,10,0.0536,0.016,0.48,0.0024,4.1,3.3,200,80.5,11.25,"54,420 ",
2024-07-06,29,15,0.0314,0.0157,0.46,0.0025,2.8,3.2,50,84.1,6.84,"29,947 ",
2024-07-07,21,11,0.044,0.013,0.45,0.0024,28.7,1.8,270,85.1,11.09,"42,950 ",
2024-07-08,11,5,0.0259,0.0165,0.38,0.0023,21.1,1.8,200,93.4,3.36,"50,114 ",
2024-07-09,17,8,0.0218,0.0193,0.45,0.0024,0.3,1.8,140,86.9,7.77,"52,780 ",
2024-07-10,12,5,0.0269,0.0148,0.37,0.0023,1.4,2.2,70,77.1,20.04,"53,324 ",
2024-07-11,34,21,0.0415,0.0205,0.51,0.0026,0,2.1,250,79.6,21.74,"53,852 ",
2024-07-12,35,20,0.0361,0.0207,0.54,0.0026,0,1.6,270,79.5,13.33,"55,546 ",
2024-07-13,47,33,0.0482,0.0181,0.57,0.0027,0,1.9,160,70,23.54,"9,118 ",
2024-07-14,32,22,0.0395,0.0135,0.43,0.0025,0.4,2.4,90,65.9,22.34,"44,653 ",
2024-07-15,15,6,0.0342,0.0186,0.4,0.0025,0,2.4,70,64.6,18.13,"52,321 ",
2024-07-16,16,6,0.0241,0.0191,0.42,0.0026,17,2.3,110,78.4,12.32,"52,065 ",
2024-07-17,12,4,0.0111,0.0133,0.36,0.0026,98.8,2.5,110,91.6,3.48,"51,081 ",
2024-07-18,12,5,0.0165,0.0159,0.34,0.0027,128.8,2.2,200,95.3,2.47,"50,892 ",
2024-07-19,26,15,0.0414,0.0184,0.43,0.0031,0.1,2.2,200,80.1,21.69,"55,440 ",
2024-07-20,16,8,0.0368,0.0136,0.35,0.0028,14.9,2.7,160,80.4,13.42,"46,224 ",
2024-07-21,19,7,0.0466,0.0092,0.29,0.0026,8.5,3.6,200,83.6,11.48,"41,877 ",
2024-07-22,15,6,0.0142,0.0112,0.34,0.003,79.9,3.1,180,89,4.09,"50,570 ",
2024-07-23,13,5,0.0157,0.0116,0.31,0.0029,2,3.2,200,87.9,4.92,"53,051 ",
2024-07-24,14,5,0.0124,0.0123,0.31,0.0029,14.7,2.6,200,85,15.31,"54,004 ",
2024-07-25,21,8,0.0196,0.0178,0.37,0.0032,25.3,1.8,140,79.8,14.15,"54,742 ",
2024-07-26,18,8,0.0165,0.0192,0.38,0.0029,5.5,2.3,50,81.9,18.29,"54,518 ",
2024-07-27,18,7,0.012,0.0139,0.37,0.0031,33.5,1.7,140,83.6,12.73,"47,652 ",
2024-07-28,18,5,0.0114,0.0082,0.28,0.003,0,3.2,200,76,18.33,"2,513 ",
2024-07-29,23,7,0.0168,0.0113,0.3,0.0028,0,3.8,230,84,2.61,"42,888 ",
2024-07-30,25,11,0.0354,0.0154,0.3,0.0027,0,2.8,230,78.8,15.95,"53,620 ",
2024-07-31,19,6,0.0227,0.0137,0.3,0.0027,0,2.6,180,74.5,17.42,"53,636 ",
2024-08-01,21,8,0.0252,0.0136,0.32,0.0027,0.3,2.6,200,75.5,14.95,"52,631 ",
2024-08-02,31,15,0.0352,0.0137,0.35,0.0027,0,2.6,270,79.4,10.36,"53,259 ",
2024-08-03,33,25,0.0535,0.0107,0.37,0.0025,0,2.2,290,75,21.64,"48,015 ",
2024-08-04,32,23,0.0565,0.0116,0.44,0.0027,0,1.6,270,69.3,24.4,"40,872 ",
2024-08-05,29,22,0.0427,0.0181,0.45,0.0026,1.3,1.9,50,75.5,12.92,"50,059 ",
2024-08-06,18,9,0.0349,0.0193,0.42,0.0027,0,1.9,50,74.8,18.84,"51,903 ",
2024-08-07,18,10,0.0287,0.013,0.31,0.0026,3.4,1.7,270,72,20.7,"5,226 ",
2024-08-08,20,14,0.0272,0.0161,0.35,0.0028,0,1.6,270,77.5,10.94,0 ,
2024-08-09,26,18,0.0351,0.0153,0.36,0.0026,0,1.6,250,74.1,15.55,0 ,
2024-08-10,31,22,0.0466,0.0185,0.43,0.0027,0,1.7,50,70.8,15.76,0 ,
2024-08-11,30,23,0.0456,0.0154,0.42,0.0027,0,1.8,110,67.8,17.14,0 ,
2024-08-12,29,20,0.0424,0.0155,0.37,0.0026,0,1.9,270,70.5,13.51,0 ,
2024-08-13,25,16,0.0345,0.0161,0.39,0.0026,0,1.8,320,70,20.81,"32,261 ",
2024-08-14,26,17,0.0333,0.0203,0.42,0.0031,3,1.9,50,73,12.59,"54,012 ",
2024-08-15,24,15,0.0322,0.0157,0.37,0.0032,6.4,1.8,50,74.6,15.98,"43,849 ",
2024-08-16,24,14,0.0334,0.019,0.41,0.0031,0,2,50,69.4,17.24,"53,002 ",
2024-08-17,23,14,0.0384,0.016,0.37,0.0029,11,1.7,50,71,14.73,"46,213 ",
2024-08-18,21,13,0.04,0.0115,0.35,0.0028,0,2,50,73.8,17.64,"41,890 ",
2024-08-19,27,16,0.0419,0.0196,0.47,0.003,2.3,1.9,50,72.3,20.08,"52,613 ",
2024-08-20,28,18,0.0302,0.0194,0.44,0.003,0,2.3,70,68.3,19.09,"54,534 ",
2024-08-21,15,6,0.0158,0.014,0.35,0.0028,42.2,3.2,180,85.9,4.68,"52,403 ",
2024-08-22,17,5,0.0222,0.0139,0.36,0.0028,0.6,3.4,200,79.9,7.27,"53,674 ",
2024-08-23,28,19,0.0542,0.0199,0.49,0.0028,0,2.7,200,73.5,17.48,"56,408 ",
2024-08-24,37,28,0.0448,0.017,0.55,0.003,2,1.4,20,78.8,12.04,"50,841 ",
2024-08-25,36,28,0.0467,0.0122,0.51,0.0028,0,1.4,20,76.6,15.82,"44,186 ",
2024-08-26,34,26,0.029,0.0211,0.56,0.003,0,1.5,50,77.8,8.21,"52,734 ",
2024-08-27,23,12,0.0217,0.0194,0.45,0.0032,0.3,1.9,50,69.8,10.04,"54,641 ",
2024-08-28,18,8,0.0329,0.0191,0.43,0.0028,0,2.9,50,62.1,23.98,"54,908 ",
2024-08-29,13,4,0.0316,0.0165,0.39,0.0028,0,3.1,70,61,24.86,"43,973 ",
2024-08-30,18,6,0.0328,0.0125,0.35,0.0028,0,2.4,270,64,24.53,"20,686 ",
2024-08-31,35,18,0.0485,0.0139,0.43,0.0029,0,1.9,270,65.6,24.15,"46,098 ",
2024-09-01,30,18,0.0418,0.0131,0.44,0.0031,0,2,250,64.9,20.05,"44,897 ",
2024-09-02,20,11,0.022,0.0199,0.48,0.003,2.7,2.6,50,73.6,5.82,"52,396 ",
2024-09-03,16,5,0.0318,0.0189,0.41,0.0028,0,2.9,70,54.5,20.85,"53,370 ",
2024-09-04,26,11,0.0449,0.02,0.45,0.0031,0,2.2,50,61.4,22.99,"55,646 ",
2024-09-05,25,12,0.0358,0.0183,0.43,0.0032,6.9,2.4,230,79.1,6.91,"54,890 ",
2024-09-06,16,7,0.0185,0.0199,0.49,0.0028,0.7,2.6,70,79.3,4.41,"55,539 ",
2024-09-07,24,14,0.045,0.0178,0.45,0.0028,0,1.9,50,68.9,18.81,"51,419 ",
2024-09-08,31,20,0.0554,0.0138,0.48,0.0028,0,1.6,50,69.6,20.01,"45,322 ",
2024-09-09,28,18,0.0445,0.0187,0.5,0.003,0,1.9,50,69,16.38,"53,514 ",
2024-09-10,28,20,0.0445,0.0194,0.49,0.0032,0,1.8,50,67.3,17.2,"54,090 ",
2024-09-11,32,23,0.049,0.0222,0.49,0.0033,0.4,1.8,50,71.5,12.49,"54,643 ",
2024-09-12,11,6,0.0122,0.0158,0.43,0.0029,32.7,2.1,50,91.5,3.78,"54,617 ",
2024-09-13,14,6,0.0081,0.0158,0.44,0.0032,7.6,2.2,50,91.4,4.86,"38,056 ",
2024-09-14,13,6,0.0215,0.0122,0.32,0.003,0,1.7,270,80.3,14.61,"46,861 ",
2024-09-15,12,6,0.0195,0.0094,0.34,0.0028,0,2.8,70,73.6,18.89,"42,911 ",
2024-09-16,8,4,0.0281,0.0115,0.34,0.0025,9.5,2.8,70,74,17.09,"38,393 ",
2024-09-17,13,6,0.02,0.0106,0.33,0.0028,0,1.7,50,77,14.62,"41,108 ",
2024-09-18,17,10,0.0211,0.0093,0.32,0.0029,0.7,1.6,290,76.8,17.53,"36,758 ",
2024-09-19,22,15,0.0356,0.0181,0.41,0.0031,0,1.7,50,77.4,11.47,"50,631 ",
2024-09-20,16,9,0.0131,0.0148,0.41,0.0032,54.5,2.4,50,89.8,3.58,"52,167 ",
2024-09-21,7,3,0.0285,0.0107,0.32,0.0026,27,4.3,50,82.3,6.31,"48,755 ",
2024-09-22,6,3,0.0241,0.0079,0.3,0.0023,0,2.7,50,67.4,19.34,"45,602 ",
2024-09-23,11,3,0.0272,0.014,0.35,0.0024,0,3.1,50,58.3,22.31,"53,704 ",
2024-09-24,14,5,0.0261,0.02,0.41,0.0024,0,2.2,50,57.9,22.03,"54,847 ",
2024-09-25,18,8,0.0259,0.0208,0.44,0.0028,0,1.7,70,65.6,13.51,"52,883 ",
2024-09-26,19,10,0.0339,0.0152,0.39,0.0026,1.2,1.6,270,75.1,14.01,"54,300 ",
2024-09-27,16,9,0.0267,0.0154,0.4,0.0025,0,2.4,50,72.8,16.45,"55,152 ",
2024-09-28,14,5,0.0323,0.0152,0.37,0.0024,0,3.4,50,59.3,18.07,"47,090 ",
2024-09-29,11,4,0.0332,0.0124,0.35,0.0023,0,2.7,50,61.5,18.06,"40,790 ",
2024-09-30,16,6,0.0324,0.0187,0.42,0.0025,0,2.1,50,63,16.77,"53,837 ",
2024-10-01,6,0.0299,0.0124,0.35,0.0024,18.3,2.5,2.5,270,67.5,7.73,"36,548 ",
2024-10-02,5,0.031,0.0081,0.31,0.0021,14.9,0,2.5,290,48.8,20.66,"53,923 ",
2024-10-03,6,0.0221,0.0151,0.37,0.0023,16.4,0,1.9,50,59,15.9,"45,214 ",
2024-10-04,7,0.0205,0.0158,0.37,0.0026,17.6,0,1.8,70,60,20.32,"53,568 ",
2024-10-05,12,0.0241,0.0214,0.44,0.0027,17.5,0,1.6,20,60.4,17.31,"50,396 ",
2024-10-06,11,0.0145,0.0182,0.43,0.0027,15.4,0,1.4,50,73.5,3.65,"43,138 ",
2024-10-07,19,0.0241,0.0172,0.48,0.0027,16.9,0,1.3,270,73.9,9.33,"53,081 ",
2024-10-08,19,0.0184,0.0184,0.53,0.0028,17.7,0,1.8,20,73.9,14.54,"55,502 ",
2024-10-09,6,0.0244,0.0168,0.4,0.0026,18.8,0,2.3,50,64.1,16.61,"46,498 ",
2024-10-10,9,0.0241,0.0205,0.42,0.0026,18.8,0,1.9,50,66.3,13.91,"54,455 ",
2024-10-11,20,0.0343,0.0217,0.49,0.0029,18.6,0,1.8,20,68.8,16.05,"44,739 ",
2024-10-12,19,0.0296,0.0223,0.5,0.0028,18.3,0,1.5,20,60.6,18.19,"51,424 ",
2024-10-13,15,0.0214,0.0199,0.49,0.0028,18.3,0,2,50,67,11.43,"46,458 ",
2024-10-14,10,0.0139,0.027,0.51,0.003,19.3,0,1.9,70,70.3,4.71,"53,354 ",
2024-10-15,11,0.0139,0.0206,0.44,0.003,19.2,0.5,1.8,50,85,4.59,"53,220 ",
2024-10-16,19,0.022,0.0207,0.53,0.003,18.2,0,1.5,50,76.9,13.84,"54,447 ",
2024-10-17,20,0.0148,0.0307,0.63,0.0034,19,0,1.7,50,70.4,14.7,"54,873 ",
2024-10-18,11,0.0111,0.0239,0.51,0.003,17.4,47.1,2.5,50,86.1,1.54,"54,052 ",
2024-10-19,3,0.0279,0.0099,0.33,0.0026,16.6,1,3.3,50,75,8.19,"50,359 ",
2024-10-20,4,0.0294,0.0094,0.28,0.0022,13.4,0,3.7,70,56,17.47,"46,135 ",
2024-10-21,5,0.0147,0.0217,0.43,0.0025,14.8,0,2.3,50,66.4,8.92,"52,566 ",
2024-10-22,6,0.0067,0.0244,0.53,0.0029,15.5,20.6,2,50,90.8,1.27,"52,645 ",
2024-10-23,7,0.0302,0.0108,0.37,0.0025,12.7,2.3,3.7,250,75.3,9.76,"52,445 ",
2024-10-24,12,0.0229,0.0172,0.46,0.0025,12.5,0,1.8,20,71.4,16.03,"53,016 ",
2024-10-25,13,0.0091,0.0284,0.63,0.0031,14.9,0,1.7,20,64.1,14.88,"55,683 ",
2024-10-26,12,0.0117,0.0265,0.59,0.0033,17,0,1.8,20,68.3,16.04,"7,214 ",
2024-10-27,15,0.0216,0.0164,0.44,0.003,16,0,1.6,270,79.4,5.27,"38,202 ",
2024-10-28,17,0.0173,0.0181,0.52,0.0027,15.7,0,2.1,50,75.9,8.92,"52,759 ",
2024-10-29,6,0.0179,0.0204,0.44,0.0026,15,0,2.3,50,64.6,6.22,"53,988 ",
2024-10-30,14,0.0217,0.0213,0.5,0.0029,15.7,0,1.6,320,71.3,14.75,"54,588 ",
2024-10-31,16,0.0109,0.0267,0.59,0.003,15.9,0,1.4,20,67.8,14.38,"55,198 ",
2024-11-01,,0.0072,0.037,0.71,0.0033,15.3,0,1.4,50,70.8,5.83,"53,905 ",
2024-11-02,,0.0223,0.022,0.52,0.0033,18.1,0,1.9,50,58.9,14.31,"50,263 ",
2024-11-03,15,0.0334,0.0144,0.42,0.0028,17.6,0,2.4,50,71.1,13.13,"45,860 ",
2024-11-04,11,0.0415,0.009,0.34,0.0025,14.8,0.1,2.9,320,62,11.74,"52,524 ",
2024-11-05,8,0.026,0.0111,0.34,0.0026,9.1,0,2.1,270,49.8,13.47,"53,779 ",
2024-11-06,11,0.0245,0.0128,0.38,0.0029,7.5,0,2.5,270,46.1,14.98,"54,753 ",
2024-11-07,19,0.0152,0.0271,0.52,0.0029,7.8,0,1.5,20,48.1,14.42,"55,105 ",
2024-11-08,17,0.0133,0.0331,0.6,0.003,10.2,0,1.5,50,50.8,13.87,"54,528 ",
2024-11-09,18,0.0113,0.0351,0.63,0.0032,12.9,0,1.4,20,55.8,13.18,"47,376 ",
2024-11-10,14,0.0208,0.0244,0.51,0.003,14.4,0,1.8,50,64,11.42,"7,842 ",
2024-11-11,24,0.0253,0.0267,0.61,0.0032,14.6,0,1.2,270,64.5,12.95,"51,781 ",
2024-11-12,19,0.0296,0.0175,0.47,0.0029,14.3,0,2.2,270,66.8,13.02,"54,127 ",
2024-11-13,19,0.0146,0.0307,0.63,0.0031,14.2,0,1.7,20,62.9,12.26,"53,968 ",
2024-11-14,14,0.0077,0.0343,0.63,0.0032,14.8,0.1,1.8,50,68.4,3.57,"53,980 ",
2024-11-15,14,0.0107,0.0317,0.62,0.0034,17,0,1.8,110,65.1,9.84,"55,177 ",
2024-11-16,12,0.0198,0.0226,0.5,0.0032,17,6.5,2.6,250,72.5,,"41,734 ",
2024-11-17,9,0.0288,0.0071,0.31,0.0026,7,0,3.6,290,47.6,8.47,"44,844 ",
2024-11-18,6,0.0239,0.0114,0.31,0.0026,2.8,0,2.3,320,30.9,13.68,"53,224 ",
2024-11-19,10,0.0102,0.0295,0.47,0.0028,5.7,0,2,50,49.5,9.9,"53,678 ",
2024-11-20,19,0.0035,0.037,0.65,0.0033,6.5,0,1.3,50,65.8,3.75,"53,828 ",
2024-11-21,30,0.0151,0.0297,0.71,0.0035,9.7,0,2.2,50,71.9,6.57,"54,637 ",
2024-11-22,16,0.0262,0.0122,0.41,0.003,6.2,0,2.2,270,48,12.57,"54,684 ",
2024-11-23,10,0.0127,0.0231,0.46,0.0032,6.4,0,1.7,50,47.1,11.87,"43,418 ",
2024-11-24,8,0.0139,0.0221,0.45,0.0029,7.4,0,1.6,70,58.4,11.89,"44,895 ",
2024-11-25,10,0.0127,0.0274,0.55,0.0031,10.1,0,2.5,70,57.6,9.9,"52,433 ",
2024-11-26,5,0.0234,0.0127,0.34,0.0025,5.8,26,3.4,270,86.4,4.35,"52,915 ",
2024-11-27,5,0.0224,0.0137,0.32,0.0022,-0.4,22.4,1.4,250,90.6,0.82,"47,119 ",
2024-11-28,10,0.0226,0.0149,0.39,0.0023,0.8,4.9,1.8,250,82,8.16,"47,082 ",
2024-11-29,13,0.0126,0.0232,0.45,0.0024,0.2,0,1.5,290,76.3,8.35,"54,292 ",
2024-11-30,13,0.0062,0.0299,0.64,0.0028,2.5,0,1.8,50,81.6,4.74,"41,535 ",
2024-12-01,16,0.0069,0.0255,0.67,0.0028,5.2,0.5,2.4,50,89.3,7.01,"42,728 ",
2024-12-02,23,0.0162,0.0246,0.75,0.0032,6.4,0,2.2,50,79.9,5.09,"51,355 ",
2024-12-03,6,0.0264,0.0119,0.31,0.0026,1.3,0,2.4,270,48.6,11.61,"54,167 ",
2024-12-04,8,0.0244,0.0154,0.37,0.0026,3.1,0,2.1,250,52.1,11.12,"51,881 ",
2024-12-05,7,0.0218,0.018,0.41,0.0025,3.9,1.8,2.3,250,62.8,9.89,"54,268 ",
2024-12-06,7,0.0285,0.0104,0.33,0.0025,2.1,0,2.5,320,49.3,11.69,"50,859 ",
2024-12-07,9,0.0258,0.0114,0.37,0.0024,0.2,0,2.5,270,56.9,10.86,"44,869 ",
2024-12-08,9,0.029,0.008,0.34,0.0023,-0.2,0,2.2,270,46.5,11.62,"2,462 ",
2024-12-09,13,0.01,0.0284,0.56,0.0027,1,0,1.6,270,56.1,10.61,"35,661 ",
2024-12-10,19,0.0158,0.0273,0.66,0.0029,2.6,0,1.9,290,58.9,10.52,"52,575 ",
2024-12-11,29,0.0166,0.0248,0.73,0.0035,3,0,1.6,270,50.3,8.65,"52,199 ",
2024-12-12,20,0.0149,0.0214,0.52,0.0032,0.5,0,2.1,270,45.8,10.06,"53,514 ",
2024-12-13,13,0.0229,0.0179,0.4,0.0029,1,0,2.2,270,42.1,7.14,"54,401 ",
2024-12-14,12,0.0236,0.0158,0.41,0.0026,-0.8,0,2.2,270,51,11.11,"46,001 ",
2024-12-15,7,0.027,0.015,0.33,0.0026,1.2,0,2.4,250,54.1,8.76,"39,798 ",
2024-12-16,12,0.0089,0.0323,0.48,0.0027,-0.2,0,1.2,270,65.9,5.61,"46,655 ",
2024-12-17,12,0.0181,0.0201,0.41,0.0027,-0.8,0,2.2,270,51.8,8.26,"52,934 ",
2024-12-18,13,0.0206,0.0139,0.41,0.0031,-3.4,0,2.2,270,47.1,11.38,"53,860 ",
2024-12-19,23,0.0075,0.0346,0.63,0.0035,-1.4,0,1.5,270,47.4,10.53,"53,997 ",
2024-12-20,32,0.0029,0.0489,0.86,0.004,1.4,0.4,2,50,60.9,4.9,"53,864 ",
2024-12-21,33,0.0196,0.0208,0.57,0.0028,-0.7,2.9,2.8,270,74.1,4.03,"29,911 ",
2024-12-22,8,0.0278,0.0122,0.32,0.0025,-3.4,0,2.1,290,52.9,11.47,"42,854 ",
2024-12-23,13,0.0153,0.0313,0.58,0.0029,0.3,0,2.2,50,58.5,10.29,"51,799 ",
2024-12-24,15,0.0177,0.0283,0.49,0.003,-0.4,0,1.4,270,50.3,11.06,"25,140 ",
2024-12-25,18,0.0125,0.0376,0.65,0.0033,2.7,0.1,2,50,63.1,6.46,"44,277 ",
2024-12-26,29,0.0253,0.0149,0.47,0.0028,0.1,0,3.4,270,57.9,11.1,"51,889 ",
2024-12-27,14,0.0271,0.0142,0.35,0.0025,-2.6,0,2.7,270,51.4,9.29,"52,839 ",
2024-12-28,13,0.0271,0.0115,0.34,0.0025,-3,0,2.5,270,48.3,11.01,"18,932 ",
2024-12-29,13,0.0146,0.029,0.5,0.0026,1.1,0,1.5,270,56.1,9.49,"39,396 ",
2024-12-30,32,0.0153,0.0373,0.68,0.0028,5.5,0,2.3,50,68.5,6.29,"50,453 ",
2024-12-31,18,0.026,0.0161,0.4,0.0028,0.6,0,2.6,270,45.8,11.57,"52,768 ",
2025-01-01,19,0.018,0.0295,0.55,0.0028,2.6,0,2.2,250,64.3,8.55,"35,973 ",
2025-01-02,17,0.0199,0.0244,0.49,0.0028,0.5,0,2.1,270,48.8,11.03,"46,134 ",
2025-01-03,12,0.0249,0.017,0.39,0.0027,-1.1,0,2.2,270,52,9.9,"49,668 ",
2025-01-04,18,0.0167,0.0294,0.5,0.0027,-0.1,0,1.7,50,49.6,11.03,"19,281 ",
2025-01-05,24,0.0067,0.0371,0.61,0.0024,1.2,6.7,2.5,50,85,1.03,"30,011 ",
2025-01-06,40,0.0266,0.0196,0.57,0.0023,1,3,2.8,290,75.6,6.09,"47,924 ",
2025-01-07,13,0.0273,0.0139,0.36,0.0024,-2.6,0.1,2.7,270,53.5,10.13,"50,407 ",
2025-01-08,14,0.0202,0.0181,0.38,0.0024,-3.4,0,2.7,270,55.1,8.02,"41,197 ",
2025-01-09,9,0.0295,0.0068,0.28,0.0019,-9.7,0,4.2,270,38.4,12.36,"51,513 ",
2025-01-10,13,0.0188,0.0205,0.39,0.0022,-7.3,0,1.6,320,48,12.17,"53,914 ",
2025-01-11,20,0.0124,0.0328,0.52,0.0022,-5.1,0,1.7,270,57.4,11.74,"20,357 ",
2025-01-12,28,0.0121,0.0345,0.61,0.0023,-3.4,0,1.8,20,59.9,9.9,"39,223 ",
2025-01-13,39,0.0059,0.0443,0.83,0.0028,-0.4,1.3,1.7,50,76.9,6.1,"48,674 ",
2025-01-14,40,0.0142,0.032,0.73,0.0029,2.3,0.1,2.3,270,72,6.69,"47,554 ",
2025-01-15,11,0.0246,0.0119,0.34,0.0025,-3.5,0,2.9,270,40.8,12.74,"26,442 ",
2025-01-16,17,0.0117,0.029,0.5,0.0025,-0.5,0,2,50,65.1,2.91,"24,633 ",
2025-01-17,31,0.0097,0.0345,0.64,0.0028,-0.5,0,1.8,270,62.4,11.84,"27,295 ",
2025-01-18,26,0.0064,0.048,0.75,0.003,1,0,1.6,50,54.1,10.75,"30,440 ",
2025-01-19,32,0.0102,0.0436,0.7,0.003,3.8,0,1.8,50,65,7.93,"22,405 ",
2025-01-20,73,0.0133,0.043,0.88,0.0034,3.9,0,1.7,50,73.1,7.55,"49,785 ",
2025-01-21,95,0.0039,0.0578,1.13,0.0043,2.4,0,1.6,20,79.8,8.9,"37,609 ",
2025-01-22,61,0.0163,0.0387,0.8,0.0035,3.6,0,1.9,250,70.3,9.42,"47,027 ",
2025-01-23,32,0.0131,0.0385,0.68,0.0031,2,0,1.6,270,54.3,13.06,"39,653 ",
2025-01-24,24,0.0103,0.0392,0.66,0.003,3.1,0,1.5,20,45.9,12.68,"48,818 ",
2025-01-25,11,0.02,0.0273,0.48,0.0027,5.2,0,3.1,50,52.8,11.67,"36,665 ",
2025-01-26,6,0.0279,0.0188,0.36,0.0023,4.6,0,2.8,50,50.5,6.98,"39,927 ",
2025-01-27,16,0.0308,0.0116,0.34,0.002,0.2,5.6,3.5,270,77.9,4.89,"34,180 ",
2025-01-28,20,0.0353,0.0074,0.38,0.002,-3.9,0.1,4,270,71.3,5.74,"29,494 ",
2025-01-29,19,0.0355,0.0076,0.33,0.0021,-4.6,0.2,3.1,270,66.1,12.35,"37,044 ",
2025-01-30,13,0.0298,0.0152,0.35,0.0022,-3.8,0,1.6,250,46.6,8.01,"32,621 ",
2025-01-31,22,0.0075,0.0391,0.58,0.0022,-0.8,2.4,2.1,50,80.1,1.83,"42,629 ",
2025-02-01,32,0.0102,0.0355,0.65,0.0024,1.6,0,1.6,50,74.3,11.15,"17,602 ",
2025-02-02,24,0.0211,0.0253,0.56,0.0025,1.5,0,2,250,67.1,12.04,"36,405 ",
2025-02-03,16,0.0387,0.0089,0.39,0.0023,-4.1,0,4.2,270,48.8,15.08,"47,938 ",
2025-02-04,10,0.033,0.0089,0.32,0.002,-9,0,3.7,270,50.8,15.63,"39,153 ",
2025-02-05,9,0.0335,0.0095,0.33,0.0021,-8.6,0,3.2,270,49.1,12.04,"49,027 ",
2025-02-06,12,0.0203,0.0253,0.43,0.0024,-5.6,2.3,1.7,180,59.9,11.43,"24,239 ",
2025-02-07,11,0.033,0.0112,0.35,0.0021,-8,0.4,3.9,290,60.1,14.93,"46,074 ",
2025-02-08,10,0.033,0.0108,0.34,0.002,-7.9,0,2.8,270,54.5,16.12,"17,674 ",
2025-02-09,13,0.027,0.0193,0.44,0.0021,-4.7,0,2.2,250,63.8,15.96,"11,223 ",
2025-02-10,16,0.0207,0.0266,0.51,0.0023,-2.6,0,2.1,270,61,13.55,"47,259 ",
2025-02-11,33,0.0103,0.0454,0.76,0.0027,0.5,0,2,50,59.8,14.77,"37,802 ",
2025-02-12,31,0.014,0.041,0.66,0.0025,0.5,2.5,2.6,270,75.8,1.28,"44,614 ",
2025-02-13,11,0.0215,0.0248,0.42,0.0025,0.2,0,2.2,250,53.1,16.5,"35,940 ",
2025-02-14,34,0.0122,0.0432,0.72,0.0031,3.7,0,1.9,20,67.4,14.75,"48,804 ",
2025-02-15,43,0.0155,0.0372,0.66,0.0027,4.1,0,1.6,50,76.5,7.95,"30,099 ",
2025-02-16,48,0.0259,0.0275,0.63,0.0026,4.3,0,2.5,20,75.6,9.32,"39,535 ",
2025-02-17,10,0.0335,0.0124,0.32,0.0025,-0.3,0,3.6,270,39.1,17.57,"46,292 ",
2025-02-18,11,0.0316,0.012,0.33,0.0025,-2.3,0,3.4,270,40.3,17.73,"41,823 ",
2025-02-19,11,0.0307,0.012,0.35,0.0024,-3,0,3,290,44.8,17.9,"49,750 ",
2025-02-20,13,0.0296,0.0152,0.4,0.0024,-2.9,0,2.7,290,43.3,18.07,"39,982 ",
2025-02-21,16,0.0314,0.0145,0.41,0.0023,-2.5,0,2.7,270,45.3,17.73,"26,164 ",
2025-02-22,18,0.0329,0.0144,0.39,0.0023,-2.3,0,2.7,250,49.1,18.11,"18,986 ",
2025-02-23,16,0.0355,0.0102,0.36,0.0022,-3.6,0,3,270,45.4,18.35,"40,629 ",
2025-02-24,15,0.0289,0.0194,0.43,0.0025,-1.3,0,2.3,290,49.8,18.74,"48,056 ",
2025-02-25,17,0.0221,0.0315,0.51,0.0025,2.1,0,2.9,230,72.6,11.46,"38,300 ",
2025-02-26,31,0.0287,0.0242,0.49,0.0026,3.7,0,2.6,270,49.4,18.43,"49,794 ",
2025-02-27,14,0.0175,0.0396,0.61,0.0033,5.8,0,1.9,20,29.4,18.29,"50,402 ",
2025-02-28,31,0.0131,0.0501,0.83,0.0034,7.8,0,1.5,20,52.4,10.43,"51,850 ",
2025-03-01,49,0.0102,0.0445,0.82,0.003,8.5,0.6,2,50,68.5,7.53,"13,673 ",
2025-03-02,32,0.0265,0.0264,0.55,0.0027,8.3,11.8,3.7,70,68,5.25,"38,420 ",
2025-03-03,5,0.0403,0.0114,0.27,0.0021,3.1,10.4,6.3,70,63.5,16.28,"20,997 ",
2025-03-04,4,0.0335,0.0181,0.32,0.002,2.5,4,4.5,50,68.3,5.68,"46,686 ",
2025-03-05,4,0.0304,0.0185,0.34,0.0021,4.8,0,2.2,50,63.3,9.18,"47,066 ",
2025-03-06,26,0.0305,0.0214,0.52,0.0027,4.8,0,2.3,270,55.1,19.3,"48,059 ",
2025-03-07,47,0.032,0.0331,0.63,0.0032,5.3,0,1.8,50,49.3,15.35,"48,194 ",
2025-03-08,37,0.0348,0.0262,0.49,0.0029,5.8,0,2.2,270,55,17.83,"5,984 ",
2025-03-09,36,0.0302,0.0241,0.49,0.0024,6.9,0,1.7,270,67.3,19.37,"37,663 ",
2025-03-10,52,0.0279,0.0309,0.61,0.0027,8,0,2.1,50,59.8,19.27,"42,632 ",
2025-03-11,44,0.0299,0.0339,0.57,0.0027,9.4,0,1.8,270,58,19.89,"40,851 ",
2025-03-12,27,0.0295,0.0287,0.48,0.0027,8.5,0,2.1,270,72.3,5.68,"43,363 ",
2025-03-13,24,0.0245,0.0234,0.49,0.0028,8.9,0,2.4,270,54.6,18.93,"43,912 ",
2025-03-14,18,0.0218,0.0308,0.54,0.0029,12.4,0,1.8,70,31.4,20.11,"42,221 ",
2025-03-15,12,0.0358,0.0173,0.36,0.0025,12.6,0,2.8,70,39.1,16.89,"15,826 ",
2025-03-16,19,0.0397,0.0088,0.31,0.0022,4.9,0.8,3.6,270,56.3,9.76,"36,013 ",
2025-03-17,21,0.0388,0.0146,0.36,0.0025,2.5,0.4,2.9,270,46,19.33,"39,061 ",
2025-03-18,21,0.0402,0.0144,0.36,0.002,2.1,9.9,2.8,320,70.6,10.7,"39,748 ",
2025-03-19,31,0.0407,0.017,0.39,0.0023,2.4,0,2.4,270,49.5,22.71,"40,657 ",
2025-03-20,37,0.0409,0.026,0.51,0.0029,8.2,0,2.7,230,62.8,18.04,"37,996 ",
2025-03-21,49,0.0474,0.0253,0.56,0.0032,11.6,0,2.9,250,61.3,20.44,"39,515 ",
2025-03-22,47,0.0373,0.0268,0.6,0.0036,12.8,0,2.7,200,53.8,21.44,"23,254 ",
2025-03-23,48,0.0446,0.0248,0.57,0.0035,15.2,0,1.9,70,49,19.96,"23,637 ",
2025-03-24,47,0.0459,0.0264,0.58,0.0036,15.5,0,3,250,56.1,18.71,"37,369 ",
2025-03-25,58,0.0467,0.0215,0.57,0.003,12.7,0,3.3,200,63.5,13.63,"38,512 ",
2025-03-26,19,0.0237,0.0368,0.66,0.0031,15.5,0,2.2,50,46.4,20.83,"38,684 ",
2025-03-27,24,0.0425,0.0154,0.41,0.0027,13.7,0.3,3.2,290,65.1,8.16,"17,977 ",
2025-03-28,18,0.0374,0.0097,0.35,0.0024,6.5,0,3.7,290,41.6,21.46,"37,908 ",
2025-03-29,10,0.0383,0.0118,0.29,0.0023,3.3,0,3.6,290,40.8,15.68,"15,027 ",
2025-03-30,9,0.042,0.0118,0.28,0.0022,3.3,0,2.8,250,51.1,14.39,"35,584 ",
2025-03-31,16,0.0361,0.0252,0.41,0.0024,7.7,0,2.2,250,50.5,23.15,"36,946 ",
2025-04-01,35,0.0409,0.0305,0.52,0.0028,10.1,0,1.8,20,53,22.77,"23,688 ",
2025-04-02,31,0.0374,0.0361,0.51,0.0028,8.9,0,2.4,250,55.4,12.07,0 ,
2025-04-03,27,0.0403,0.0259,0.44,0.0023,9.8,0,2.4,50,58.6,23.81,0 ,
2025-04-04,29,0.041,0.0292,0.43,0.0027,10.6,0,2.2,250,54.5,23.53,"12,856 ",
2025-04-05,17,0.0344,0.0232,0.45,0.0023,8,22.8,1.9,50,86.1,2.17,"33,611 ",
2025-04-06,16,0.046,0.0144,0.37,0.0024,10.3,0,2.8,230,67.3,22.7,"2,356 ",
2025-04-07,25,0.0507,0.0225,0.48,0.003,13.5,0,2.7,200,54.5,23.67,"37,278 ",
2025-04-08,26,0.0566,0.0189,0.44,0.0025,13.8,0,3.1,270,55,23.34,"47,914 ",
2025-04-09,24,0.0309,0.0328,0.54,0.0029,12.7,0.8,2,200,51.6,12.49,"49,230 ",
2025-04-10,32,0.041,0.0193,0.5,0.0027,13.2,0,2.2,270,60.6,22.16,"50,111 ",
2025-04-11,36,0.033,0.0307,0.6,0.003,16.2,0,2,270,51.8,25.16,"49,318 ",
2025-04-12,23,0.0339,0.0258,0.5,0.0029,12.9,15.4,3.1,250,66.5,8.09,"37,606 ",
2025-04-13,8,0.0372,0.0097,0.29,0.002,5.5,4.2,4.2,200,71.1,12.47,"39,092 ",
2025-04-14,8,0.0296,0.0193,0.39,0.0021,4.4,7.4,2.5,50,87.4,5.6,"46,247 ",
2025-04-15,14,0.0335,0.0165,0.41,0.0023,8.2,0,2.7,250,70.3,26.94,"48,921 ",
2025-04-16,24,0.0428,0.0243,0.5,0.0028,14.6,0,2.5,70,58,22.26,"50,626 ",
2025-04-17,23,0.0525,0.0235,0.47,0.003,19.7,0,2.6,180,63.5,15,"52,165 ",
2025-04-18,30,0.0467,0.0256,0.52,0.0029,18.6,0,2.4,270,67.9,15.19,"52,261 ",
2025-04-19,20,0.0276,0.0156,0.38,0.0025,15.3,9.2,3,250,89.1,2.93,"35,321 ",
2025-04-20,12,0.0343,0.0139,0.43,0.0023,16.7,0,1.7,270,70,26.74,"40,336 ",
2025-04-21,14,0.0258,0.0234,0.5,0.0027,20.7,0,2.2,70,65.3,22.78,"48,779 ",
2025-04-22,9,0.0178,0.0177,0.44,0.0028,17.8,34.8,1.5,320,87.8,3.12,"37,954 ",
2025-04-23,5,0.0387,0.0173,0.41,0.0027,16.8,0,2.5,50,62.4,26.28,"46,606 ",
2025-04-24,23,0.0427,0.0191,0.43,0.0031,14.7,0,3.1,250,52.4,27.27,"52,318 ",
2025-04-25,23,0.0386,0.0137,0.36,0.0029,12.5,0,3,270,38.4,27.87,"52,350 ",
2025-04-26,10,0.0392,0.0181,0.35,0.0031,13.8,0,2.8,200,53.1,27.29,"48,081 ",
2025-04-27,7,0.0436,0.0158,0.36,0.0029,14.9,0,2.8,250,46.4,18.58,"45,080 ",
2025-04-28,11,0.0435,0.0156,0.34,0.0027,15.1,0,2.7,270,45.6,27.28,"48,983 ",
2025-04-29,21,0.0356,0.0225,0.41,0.0028,14.8,0,2.3,270,34.1,28.09,"50,507 ",
2025-04-30,17,0.0388,0.0284,0.52,0.0032,18.4,0,2.6,50,36.3,27.73,"52,389 ",
2025-05-01,13,0.0395,0.0204,0.42,0.0027,14.7,21.1,2.2,230,69.6,2.15,"39,102 ",
2025-05-02,8,0.0406,0.0128,0.35,0.0022,13.4,0,3.1,250,59.3,24.67,"49,105 ",
2025-05-03,6,0.0374,0.0145,0.33,0.0021,11.2,7.3,2.3,270,80.5,7.6,"45,447 ",
2025-05-04,9,0.042,0.0158,0.38,0.0026,13.7,0,2.8,250,60.9,28.63,"40,414 ",
2025-05-05,9,0.0344,0.0183,0.41,0.0024,12.1,0,2.3,50,64.5,7.03,"39,896 ",
2025-05-06,6,0.0355,0.0148,0.36,0.0023,14.4,0,2.2,270,57.5,20,"40,574 ",
2025-05-07,11,0.0383,0.0178,0.38,0.0027,14.9,0,2.2,250,61.5,27.9,"34,192 ",
2025-05-08,14,0.0333,0.0221,0.45,0.0026,17.4,0,1.8,270,53.5,26.79,"52,065 ",
2025-05-09,12,0.0267,0.0239,0.43,0.0025,15.1,17.6,3,50,81.8,4.38,"49,345 ",
2025-05-10,10,0.0351,0.0166,0.44,0.0022,12.3,14.1,3.5,200,95.5,2.15,"36,491 ",
2025-05-11,27,0.0486,0.0162,0.52,0.0025,14.7,0,1.9,270,76.9,16.46,"41,373 ",
2025-05-12,26,0.0448,0.0225,0.49,0.0029,17,0,2.1,230,62.6,28.93,"48,994 ",
2025-05-13,22,0.0432,0.0283,0.53,0.0031,19.9,0,2.7,230,47.4,24.02,"50,730 ",
2025-05-14,21,0.0469,0.0255,0.5,0.003,21,0,2.4,230,52.8,26.31,"51,289 ",
2025-05-15,17,0.03,0.0192,0.44,0.0025,19.5,1.1,2.3,200,80.9,9.9,"50,695 ",
2025-05-16,18,0.0111,0.023,0.5,0.0027,19.4,51.3,1.8,50,92.6,3.75,"50,825 ",
2025-05-17,6,0.0276,0.0145,0.33,0.0026,18.3,2.2,2.6,230,86.4,17.36,"46,864 ",
2025-05-18,11,0.039,0.0088,0.33,0.0024,15.6,0,2.6,270,59.3,27.51,"42,704 ",
2025-05-19,14,0.034,0.021,0.46,0.0026,16.1,1.6,2.8,200,70.4,11.93,"48,695 ",
2025-05-20,8,0.0234,0.0168,0.39,0.0025,22.2,1,2.5,230,85.5,12.96,"50,460 ",
2025-05-21,8,0.0282,0.0127,0.35,0.0026,25.5,0,2.1,270,75.5,22.19,"51,366 ",
2025-05-22,11,0.0327,0.0179,0.41,0.0026,23.9,0.8,2.1,50,68,22.94,"41,482 ",
2025-05-23,16,0.0284,0.0205,0.44,0.0025,19.4,1.2,2.8,70,53.8,9.19,"51,183 ",
2025-05-24,11,0.0335,0.0137,0.35,0.0022,15.6,4.3,3.1,50,69.1,10.54,"45,979 ",
2025-05-25,9,0.0398,0.0112,0.32,0.0023,17.4,0,2.1,270,61,30.47,"43,220 ",
2025-05-26,20,0.0488,0.022,0.48,0.0032,19.7,0,1.7,270,59.4,26.71,"49,300 ",
2025-05-27,32,0.0619,0.0229,0.54,0.0041,20.8,0,1.9,270,57,27.07,"52,116 ",
2025-05-28,39,0.0552,0.0228,0.52,0.0038,20.8,0,1.8,270,62,22.39,"51,561 ",
2025-05-29,24,0.055,0.0184,0.43,0.0029,21.2,0,2.2,270,58.4,26.56,"52,248 ",
2025-05-30,25,0.0461,0.0217,0.46,0.0029,22.2,0,1.7,50,55,25.72,"52,511 ",
2025-05-31,26,0.0584,0.0197,0.43,0.0032,21.5,0,2,50,55,21.39,"48,501 ",
2025-06-01,36,0.0613,0.0173,0.46,0.0033,22.6,0,2,270,57.8,27.08,"41,595 ",
2025-06-02,34,0.0349,0.0288,0.52,0.0031,21,0,1.5,270,64.3,6.3,"49,809 ",
2025-06-03,22,0.0491,0.0128,0.37,0.0028,20.9,0,2.9,250,56.9,27.24,"38,853 ",
2025-06-04,6,0.0441,0.0143,0.33,0.0026,20.5,0,3.5,250,55.3,29.45,"49,974 ",
2025-06-05,10,0.0456,0.0208,0.36,0.003,21.7,0,2.3,270,49.8,28.99,"36,891 ",
2025-06-06,12,0.0502,0.0198,0.43,0.0032,24.1,0,3,230,42.6,29.48,"1,954 ",
2025-06-07,20,0.0471,0.0145,0.4,0.0028,23.7,0.1,2.6,230,61.4,17.51,"23,959 ",
2025-06-08,15,0.0374,0.0108,0.33,0.0024,25.1,0.6,1.7,250,69.3,21.59,"21,394 ",
2025-06-09,17,0.0568,0.0158,0.39,0.0024,24.2,0,2.6,270,66.6,25.91,"49,651 ",
2025-06-10,10,0.0368,0.0169,0.37,0.0027,21.7,0,2.5,250,71.6,14.46,"50,966 ",
2025-06-11,12,0.0465,0.0163,0.39,0.003,22.7,0,2.4,270,54.6,31.05,"52,001 ",
2025-06-12,20,0.0589,0.0235,0.48,0.0031,25.5,0,1.9,50,50.4,30.36,"52,455 ",
2025-06-13,27,0.0573,0.0296,0.52,0.0037,24,1.5,1.9,270,60.9,15.62,"52,122 ",
2025-06-14,15,0.0453,0.0197,0.37,0.0027,25.6,0,2,270,66.3,21.02,"48,381 ",
2025-06-15,15,0.0387,0.0136,0.34,0.0027,26.3,11.8,2.5,180,69.6,22.08,"42,512 ",
2025-06-16,15,0.0394,0.0157,0.41,0.0024,23,20,2.7,200,87.8,5.19,"48,666 ",
2025-06-17,19,0.0691,0.0177,0.41,0.0025,24.8,0,2.5,180,73.3,22.97,"51,755 ",
2025-06-18,21,0.0634,0.02,0.45,0.0031,25.5,0,2,270,65.3,26.88,"51,392 ",
2025-06-19,17,0.0434,0.026,0.46,0.0032,28.1,0.8,2,50,57.9,23.77,"52,653 ",
2025-06-20,4,0.0111,0.0101,0.27,0.0025,24.1,51.1,3.9,200,93.4,2.92,"50,747 ",
2025-06-21,9,0.0268,0.014,0.33,0.0025,22,0.2,2.1,250,88.1,7,"7,283 ",
2025-06-22,14,0.0505,0.0144,0.39,0.003,23.3,0,2.3,250,68.6,30.56,"44,167 ",
2025-06-23,19,0.0536,0.02,0.47,0.0028,26.1,0,1.8,270,64.8,27.7,"50,746 ",
2025-06-24,10,0.0262,0.022,0.44,0.0027,25,2.3,2.6,50,63.4,10.18,"52,654 ",
2025-06-25,4,0.0251,0.0192,0.41,0.0025,20.9,8,2.5,50,88.9,5.11,"51,281 ",
2025-06-26,6,0.0242,0.0162,0.38,0.0025,22.2,1.1,1.7,270,85.3,7.23,"51,338 ",
2025-06-27,13,0.0277,0.024,0.5,0.0028,25,0,1.4,50,78.1,12.92,"52,810 ",
2025-06-28,17,0.0183,0.0188,0.44,0.0028,26.2,0.6,1.4,270,85,7.13,"45,335 ",
2025-06-29,8,0.0221,0.0105,0.31,0.0026,27.1,0,2.3,230,77.1,12.41,"43,578 ",
2025-06-30,5,0.0136,0.0131,0.3,0.0025,28.2,0,2.4,180,74.6,15.61,"49,154 ",
2025-07-01,4,0.0108,0.0117,0.27,0.0027,28.6,0.9,3,200,78.6,17.38,"40,830 ",
2025-07-02,5,0.0122,0.0122,0.27,0.0028,28.6,0,2.9,200,76.3,14.4,"51,643 ",
2025-07-03,15,0.0151,0.0139,0.31,0.0027,28.3,0,2.8,230,75.5,13.6,"51,929 ",
2025-07-04,14,0.0244,0.0155,0.36,0.0027,27.2,0,3.2,230,77,7.72,"53,457 ",
2025-07-05,11,0.03,0.0131,0.28,0.0026,28.4,0,2.8,200,72.9,14.77,"3,417 ",
2025-07-06,16,0.0422,0.0111,0.29,0.0025,29.1,0,2.5,200,74.3,14.7,0 ,
2025-07-07,32,0.0505,0.0192,0.5,0.0027,29.1,0,1.9,270,79,11.21,"39,095 ",
2025-07-08,28,0.0361,0.0185,0.45,0.0027,31.3,11.8,1.9,50,72.5,22.64,"52,689 ",
2025-07-09,15,0.0281,0.0181,0.42,0.0027,31.9,0,2.2,50,61.1,23.55,"52,347 ",
2025-07-10,9,0.0325,0.0173,0.36,0.0025,31.4,0,2.9,50,46.6,29.95,"52,840 ",
2025-07-11,7,0.036,0.0169,0.32,0.0023,30.2,0,3.3,70,47.1,30.35,"52,803 ",
2025-07-12,7,0.0382,0.0176,0.31,0.0024,30.3,0,2.3,70,47.5,30.02,"47,243 ",
2025-07-13,18,0.041,0.0188,0.4,0.0028,27.7,0,1.5,270,66.8,10.39,"41,737 ",
2025-07-14,11,0.0336,0.0139,0.34,0.0028,24.2,13.6,2,290,78.3,7.19,"49,587 ",
2025-07-15,4,0.0295,0.0113,0.31,0.0024,23.6,4,2.3,290,84.1,10.03,"51,504 ",
2025-07-16,10,0.0292,0.0235,0.46,0.0027,23.3,73.1,2.1,110,90.1,2.34,"51,165 ",
2025-07-17,5,0.0332,0.0226,0.43,0.0027,23.3,75.5,2.1,70,94.3,4.77,"49,769 ",
2025-07-18,5,0.0273,0.0231,0.43,0.0028,24.7,16.1,1.7,50,89.5,7.44,"51,014 ",
2025-07-19,4,0.0216,0.0194,0.36,0.0026,23.9,84,2,50,95.4,3.79,"46,114 ",
2025-07-20,5,0.0126,0.0087,0.26,0.0025,27.7,14.8,2.8,180,82.8,16.69,"42,704 ",
2025-07-21,6,0.0095,0.0129,0.32,0.0028,28.5,0,2.3,230,77.4,18.81,"50,861 ",
2025-07-22,5,0.0155,0.0114,0.25,0.0027,28.8,0.1,2.7,270,75.6,20.43,"40,856 ",
2025-07-23,5,0.0164,0.0117,0.25,0.0025,28.9,0,1.8,320,70.4,22.14,"52,702 ",
2025-07-24,8,0.0299,0.0142,0.29,0.0025,29.8,0,1.9,270,68,24.91,"53,186 ",
2025-07-25,23,0.0432,0.0199,0.38,0.0025,31.1,0,1.9,290,64.6,26.48,"53,533 ",
2025-07-26,14,0.0317,0.0209,0.35,0.0026,32.3,0,1.7,50,61.9,24.32,"48,177 ",
2025-07-27,11,0.0359,0.0128,0.27,0.0024,32.8,0,2,50,62.4,28.42,"42,305 ",
2025-07-28,24,0.043,0.0152,0.37,0.0024,32.2,0,2,270,67.3,27,"51,374 ",
2025-07-29,23,0.0543,0.0182,0.38,0.0025,32,0,2,270,64,20.41,"52,210 ",
2025-07-30,18,0.0383,0.0237,0.4,0.0027,32.1,0,1.7,50,62.9,19.51,"52,922 ",
2025-07-31,18,0.0405,0.0211,0.37,0.0027,30.9,0,2,50,62.3,13.17,"52,656 ",
2025-08-01,25,0.0464,0.0189,0.38,0.0026,31,0,1.9,50,66.9,16.09,"52,399 ",
2025-08-02,21,0.0423,0.0136,0.31,0.0025,31.2,0,1.8,270,62.1,20.88,"47,111 ",
2025-08-03,21,0.0304,0.0166,0.37,0.0026,28.8,1.3,2,50,69,8.08,"40,062 ",
2025-08-04,11,0.0318,0.0138,0.32,0.0023,28.1,1.9,2.2,50,75.5,16.35,"42,298 ",
2025-08-05,10,0.0308,0.0167,0.33,0.0027,29.1,0,2.2,230,67.4,23.11,"50,798 ",
2025-08-06,7,0.0218,0.0143,0.32,0.0022,27.1,22,3.2,200,89,5.57,"28,802 ",
2025-08-07,8,0.0361,0.0108,0.35,0.0023,28.2,0,2.7,270,70.8,27.18,"52,339 ",
2025-08-08,13,0.0339,0.0186,0.41,0.0024,26.6,6.3,1.6,270,74.8,8.76,"52,270 ",
2025-08-09,13,0.0182,0.0165,0.41,0.0024,24.9,3.5,1.4,50,82.1,5.37,"47,623 ",
2025-08-10,10,0.033,0.0122,0.34,0.0024,27.3,0,1.7,250,70,27.22,"42,404 ",
2025-08-11,15,0.0273,0.0221,0.48,0.0025,27,0,2,50,73.9,9.84,"48,303 ",
2025-08-12,10,0.0358,0.0185,0.41,0.0026,28.6,0,2.2,140,62.9,26.6,"50,345 ",
2025-08-13,4,0.0186,0.0162,0.35,0.0023,25.1,126.7,2.6,50,91.8,1.92,"46,151 ",
2025-08-14,5,0.0169,0.0162,0.33,0.0023,25.5,47.8,2.2,230,91.1,6.29,"48,903 ",
2025-08-15,7,0.0199,0.0157,0.33,0.0025,27.1,0,1.7,250,84.3,14.89,"28,695 ",
2025-08-16,3,0.0151,0.0104,0.25,0.0023,28.2,0,2.2,250,76,19.22,"45,074 ",
2025-08-17,8,0.0181,0.0088,0.23,0.0023,28.4,0,2.3,200,76.3,16.43,"40,742 ",
2025-08-18,15,0.017,0.0133,0.3,0.0026,28.9,2.2,3,230,75.6,19.92,"50,757 ",
2025-08-19,4,0.0144,0.0118,0.27,0.0024,29.1,0,3,200,75.3,19.48,"52,813 ",
2025-08-20,6,0.0177,0.0131,0.27,0.0025,29.4,0,2.6,180,74.5,18.14,"52,964 ",
2025-08-21,6,0.0225,0.0141,0.27,0.0024,29.8,0,2.2,200,70.6,21.66,"21,351 ",
2025-08-22,5,0.0199,0.0134,0.25,0.0023,29.4,0,2.1,270,71.5,22.41,"53,747 ",
2025-08-23,9,0.025,0.0136,0.26,0.0022,29.3,0,1.9,270,74.9,11.71,"49,691 ",
2025-08-24,12,0.0311,0.0125,0.29,0.0025,30.2,0,1.7,230,69.4,18.39,"43,337 ",
2025-08-25,10,0.0268,0.0162,0.34,0.0023,28.7,17.1,2.8,230,80.6,10.8,"50,884 ",
2025-08-26,7,0.0345,0.0161,0.37,0.0022,27.6,5.4,2.8,270,81.8,15,"52,220 ",
2025-08-27,5,0.0349,0.018,0.41,0.0023,26.7,0,1.6,270,73.8,9.76,"52,903 ",
2025-08-28,9,0.0328,0.0186,0.4,0.0024,28.3,0,2.7,200,72.9,14.35,"53,992 ",
2025-08-29,6,0.0225,0.0135,0.28,0.0023,29,32.2,3.5,200,82,17.8,"53,358 ",
2025-08-30,4,0.0212,0.0155,0.29,0.0022,28.4,23.9,2,270,81.1,16.69,"48,682 ",
2025-08-31,13,0.0166,0.0111,0.28,0.0027,28.5,0,2.4,200,75.3,15.74,"43,598 ",
2025-09-01,4,0.0205,0.0133,0.32,0.0023,26.1,20.4,2.5,180,87.3,7.47,"49,479 ",
2025-09-02,6,0.0337,0.0119,0.33,0.0023,26,0,1.6,290,74.6,20.32,"51,803 ",
2025-09-03,10,0.0285,0.0227,0.43,0.0024,27.6,0,1.9,50,67.5,21.38,"51,685 ",
2025-09-04,5,0.0236,0.0183,0.37,0.0022,25.8,44.2,2.6,50,82.1,13.76,"53,192 ",
2025-09-05,8,0.0327,0.0214,0.4,0.0024,27.9,0,2.2,50,68.5,20.45,"37,896 ",
2025-09-06,9,0.0252,0.0164,0.37,0.0024,26.8,36.1,2.4,200,86.6,8.94,"46,218 ",
2025-09-07,6,0.0351,0.0086,0.33,0.0021,25.3,0.2,2.1,270,77.5,12.58,"44,182 ",
2025-09-08,9,0.0297,0.0167,0.45,0.0025,24.4,0,1.8,50,73,16.17,"51,412 ",
2025-09-09,13,0.0276,0.0173,0.44,0.0025,23.7,0,1.6,50,71.9,9.73,"52,126 ",
2025-09-10,9,0.0212,0.0194,0.41,0.0026,24.8,0,1.7,50,61.1,24.56,"51,900 ",
2025-09-11,7,0.0198,0.0217,0.42,0.0026,25.8,0,2.5,50,57.6,24.11,"48,610 ",
2025-09-12,5,0.0253,0.0206,0.4,0.0024,23.9,6.8,2.7,70,68.8,7.7,"52,560 ",
2025-09-13,3,0.0304,0.0129,0.29,0.0021,23.3,63.7,2.4,50,81,,"48,435 ",
2025-09-14,5,0.0328,0.0128,0.3,0.0022,24.8,0,1.6,270,72,16.74,"45,317 ",
2025-09-15,9,0.0326,0.021,0.42,0.0023,25.7,0,1.5,20,71.6,18.66,"51,722 ",
2025-09-16,10,0.0147,0.0272,0.5,0.0027,23.7,17.5,1.5,50,86.8,5.11,"51,594 ",
2025-09-17,4,0.017,0.017,0.4,0.0025,22.7,52.7,1.7,20,92,3.54,"51,270 ",
2025-09-18,3,0.0153,0.0147,0.36,0.0023,22.1,0,2.6,50,74.4,17.27,"54,284 ",
2025-09-19,4,0.0144,0.0194,0.41,0.0022,19.4,13.8,2.8,50,82,4.73,"52,285 ",
2025-09-20,3,0.0231,0.0112,0.29,0.0021,20,35.3,1.8,50,85.4,8.41,"2,329 ",
2025-09-21,3,0.0255,0.0103,0.27,0.002,21.6,0,2.1,50,67,22.01,"6,607 ",
2025-09-22,4,0.0216,0.0181,0.35,0.0022,21.3,0,2.5,50,59.8,14.98,"51,147 ",
2025-09-23,5,0.0196,0.0205,0.37,0.0022,22.7,0,2.4,70,56.5,16.89,"52,503 ",
2025-09-24,5,0.0191,0.0232,0.41,0.0023,22,35.2,2.1,50,81.8,2.84,"50,823 ",
2025-09-25,7,0.0288,0.0166,0.37,0.0022,22.5,0.3,1.4,250,80,13.81,"53,022 ",
2025-09-26,15,0.0281,0.0182,0.49,0.0022,21.7,0,1.4,50,78.1,18.53,"52,005 ",
2025-09-27,12,0.0221,0.0232,0.48,0.0023,22.5,0,1.9,50,71.1,16.5,"42,408 ",
2025-09-28,7,0.033,0.0114,0.38,0.002,20,44.5,1.7,290,85.6,5.86,"31,881 ",
2025-09-29,13,0.0311,0.0162,0.43,0.0021,19.6,0,1.5,270,77.8,11.97,"51,708 ",
2025-09-30,16,0.0206,0.0243,0.53,0.0024,19.8,0,1.4,290,81.3,8.56,"52,819 ",
