Date,PM2.5 (μg/m3),O3 (ppm),NO2 (ppm),CO (ppm),SO2 (ppm),Temperature (°C),Precipitation (mm),Wind speed (m/s),Wind direction (°),RH (%),Solar irradiation (MJ/m2),Traffic volume (vehicles)
20221001 ,28 ,0.034 ,0.036 ,0.600 ,0.003 ,20.9 ,0.0 ,1.6 ,20 ,63.3 ,17.31 ,50408 
20221002 ,19 ,0.023 ,0.027 ,0.500 ,0.003 ,19.4 ,15.8 ,2.7 ,50 ,78.9 ,3.80 ,43146 
20221003 ,8 ,0.016 ,0.019 ,0.500 ,0.003 ,21.4 ,76.0 ,2.7 ,200 ,98.5 ,1.06 ,40753 
20221004 ,6 ,0.020 ,0.010 ,0.400 ,0.003 ,17.9 ,11.8 ,2.9 ,270 ,83.8 ,6.50 ,39895 
20221005 ,6 ,0.015 ,0.017 ,0.400 ,0.003 ,16.6 ,0.1 ,2.1 ,50 ,74.8 ,15.62 ,55293 
20221006 ,3 ,0.011 ,0.015 ,0.400 ,0.003 ,15.8 ,0.0 ,2.1 ,50 ,76.6 ,7.74 ,55077 
20221007 ,4 ,0.020 ,0.011 ,0.300 ,0.003 ,14.3 ,0.0 ,2.5 ,290 ,69.5 ,15.08 ,56242 
20221008 ,5 ,0.017 ,0.024 ,0.400 ,0.003 ,15.8 ,0.0 ,2.5 ,50 ,64.6 ,18.48 ,48563 
20221009 ,4 ,0.021 ,0.018 ,0.400 ,0.003 ,13.1 ,20.4 ,2.1 ,110 ,85.8 ,2.40 ,43741 
20221010 ,3 ,0.026 ,0.008 ,0.300 ,0.002 ,9.9 ,0.0 ,3.8 ,270 ,72.9 ,9.31 ,43316 
20221011 ,7 ,0.021 ,0.012 ,0.400 ,0.002 ,11.1 ,0.0 ,2.2 ,270 ,69.1 ,18.72 ,54404 
20221012 ,10 ,0.011 ,0.029 ,0.600 ,0.003 ,13.5 ,0.0 ,1.8 ,50 ,68.1 ,18.13 ,54633 
20221013 ,8 ,0.012 ,0.031 ,0.600 ,0.003 ,16.3 ,0.0 ,1.5 ,70 ,69.6 ,17.98 ,54916 
20221014 ,12 ,0.012 ,0.029 ,0.600 ,0.004 ,17.1 ,0.0 ,1.6 ,20 ,73.4 ,13.52 ,55048 
20221015 ,17 ,0.019 ,0.026 ,0.500 ,0.003 ,18.2 ,0.0 ,1.4 ,290 ,68.5 ,16.21 ,50890 
20221016 ,20 ,0.014 ,0.024 ,0.600 ,0.003 ,16.9 ,0.0 ,1.7 ,270 ,73.9 ,6.15 ,44712 
20221017 ,9 ,0.022 ,0.010 ,0.400 ,0.003 ,11.2 ,0.0 ,3.4 ,320 ,50.3 ,18.79 ,53309 
20221018 ,8 ,0.021 ,0.012 ,0.400 ,0.003 ,9.4 ,0.0 ,2.3 ,270 ,52.1 ,18.27 ,42729 
20221019 ,9 ,0.016 ,0.023 ,0.500 ,0.003 ,10.5 ,0.0 ,1.8 ,270 ,57.8 ,17.78 ,53830 
20221020 ,16 ,0.017 ,0.033 ,0.600 ,0.003 ,12.9 ,0.0 ,1.8 ,20 ,64.4 ,17.20 ,54916 
20221021 ,28 ,0.023 ,0.039 ,0.700 ,0.004 ,14.0 ,0.0 ,1.7 ,270 ,68.8 ,15.16 ,54844 
20221022 ,21 ,0.023 ,0.031 ,0.600 ,0.003 ,15.1 ,0.0 ,1.9 ,270 ,76.3 ,14.93 ,50457 
20221023 ,17 ,0.033 ,0.011 ,0.400 ,0.003 ,14.0 ,0.0 ,2.7 ,290 ,65.0 ,14.04 ,45525 
20221024 ,9 ,0.026 ,0.014 ,0.400 ,0.003 ,10.6 ,0.0 ,2.8 ,290 ,52.6 ,16.88 ,52442 
20221025 ,6 ,0.012 ,0.027 ,0.500 ,0.003 ,11.3 ,0.0 ,2.0 ,50 ,56.5 ,16.37 ,53481 
20221026 ,7 ,0.011 ,0.031 ,0.500 ,0.003 ,12.9 ,0.0 ,1.9 ,70 ,58.3 ,12.66 ,52409 
20221027 ,15 ,0.014 ,0.030 ,0.600 ,0.003 ,13.2 ,0.0 ,1.7 ,270 ,71.8 ,14.31 ,54020 
20221028 ,19 ,0.015 ,0.032 ,0.600 ,0.003 ,13.6 ,0.0 ,1.7 ,20 ,70.1 ,14.35 ,54826 
20221029 ,15 ,0.015 ,0.031 ,0.600 ,0.003 ,14.8 ,0.0 ,1.8 ,70 ,65.9 ,14.64 ,49897 
20221030 ,15 ,0.017 ,0.027 ,0.500 ,0.003 ,14.9 ,0.0 ,1.9 ,70 ,64.5 ,13.64 ,45206 
20221031 ,13 ,0.018 ,0.028 ,0.500 ,0.003 ,14.9 ,0.0 ,2.1 ,50 ,69.8 ,13.19 ,52556 
20221101 ,22 ,0.027 ,0.021 ,0.500 ,0.003 ,13.1 ,0.0 ,1.8 ,270 ,73.5 ,9.52 ,53260 
20221102 ,11 ,0.015 ,0.028 ,0.500 ,0.004 ,11.1 ,0.0 ,1.7 ,270 ,57.1 ,15.45 ,30788 
20221103 ,11 ,0.012 ,0.024 ,0.500 ,0.003 ,9.3 ,0.0 ,2.0 ,270 ,58.1 ,5.36 ,53144 
20221104 ,8 ,0.023 ,0.011 ,0.400 ,0.004 ,4.9 ,0.0 ,2.9 ,290 ,41.8 ,15.60 ,54068 
20221105 ,12 ,0.015 ,0.026 ,0.500 ,0.003 ,6.5 ,0.0 ,1.7 ,270 ,51.3 ,15.06 ,51309 
20221106 ,14 ,0.017 ,0.030 ,0.600 ,0.003 ,9.6 ,0.0 ,1.8 ,20 ,60.5 ,14.19 ,45995 
20221107 ,19 ,0.014 ,0.041 ,0.600 ,0.004 ,11.4 ,0.0 ,1.7 ,270 ,64.5 ,8.35 ,52612 
20221108 ,31 ,0.018 ,0.032 ,0.600 ,0.003 ,12.9 ,0.0 ,1.5 ,290 ,68.3 ,11.55 ,53764 
20221109 ,49 ,0.016 ,0.038 ,0.700 ,0.003 ,11.4 ,0.0 ,1.5 ,20 ,76.0 ,9.82 ,53545 
20221110 ,58 ,0.019 ,0.039 ,0.800 ,0.003 ,13.5 ,0.0 ,1.3 ,20 ,74.5 ,10.60 ,54854 
20221111 ,36 ,0.013 ,0.048 ,0.900 ,0.003 ,15.6 ,0.0 ,1.8 ,70 ,62.5 ,11.75 ,55582 
20221112 ,32 ,0.011 ,0.044 ,0.800 ,0.004 ,16.3 ,57.9 ,2.2 ,70 ,80.0 ,6.93 ,47534 
20221113 ,11 ,0.014 ,0.013 ,0.500 ,0.003 ,10.3 ,0.0 ,2.6 ,250 ,85.6 ,3.61 ,45384 
20221114 ,15 ,0.014 ,0.022 ,0.600 ,0.003 ,9.7 ,0.0 ,2.3 ,250 ,74.8 ,8.25 ,52599 
20221115 ,17 ,0.013 ,0.029 ,0.600 ,0.003 ,8.1 ,1.6 ,2.0 ,20 ,77.4 ,6.96 ,53817 
20221116 ,19 ,0.013 ,0.030 ,0.600 ,0.003 ,8.5 ,0.0 ,1.7 ,270 ,71.3 ,12.11 ,30026 
20221117 ,21 ,0.007 ,0.041 ,0.700 ,0.003 ,10.2 ,0.0 ,1.6 ,50 ,64.6 ,11.46 ,54702 
20221118 ,27 ,0.005 ,0.044 ,0.800 ,0.004 ,11.0 ,0.0 ,1.6 ,20 ,69.6 ,12.08 ,55853 
20221119 ,18 ,0.013 ,0.038 ,0.700 ,0.003 ,12.9 ,0.0 ,2.3 ,70 ,55.8 ,11.50 ,51275 
20221120 ,16 ,0.018 ,0.031 ,0.600 ,0.003 ,13.7 ,0.0 ,1.7 ,50 ,58.3 ,11.85 ,46072 
20221121 ,22 ,0.011 ,0.039 ,0.700 ,0.004 ,11.8 ,0.0 ,1.6 ,20 ,70.5 ,6.36 ,53230 
20221122 ,38 ,0.007 ,0.037 ,0.800 ,0.003 ,10.7 ,0.0 ,1.9 ,50 ,69.9 ,5.55 ,54749 
20221123 ,15 ,0.027 ,0.020 ,0.500 ,0.003 ,10.8 ,0.0 ,2.1 ,270 ,56.0 ,11.60 ,54824 
20221124 ,26 ,0.013 ,0.035 ,0.700 ,0.003 ,9.4 ,0.0 ,1.5 ,290 ,65.6 ,9.32 ,52923 
20221125 ,33 ,0.022 ,0.035 ,0.700 ,0.004 ,12.3 ,1.7 ,3.0 ,50 ,67.1 ,10.66 ,55386 
20221126 ,16 ,0.030 ,0.013 ,0.400 ,0.003 ,6.7 ,0.0 ,3.0 ,290 ,52.4 ,11.75 ,49851 
20221127 ,8 ,0.016 ,0.025 ,0.500 ,0.003 ,5.4 ,0.0 ,2.4 ,50 ,43.1 ,10.15 ,46018 
20221128 ,14 ,0.005 ,0.041 ,0.800 ,0.004 ,12.3 ,19.5 ,2.7 ,70 ,65.5 ,3.87 ,50795 
20221129 ,10 ,0.025 ,0.014 ,0.500 ,0.003 ,6.9 ,3.8 ,3.5 ,290 ,67.0 ,5.34 ,54006 
20221130 ,6 ,0.029 ,0.008 ,0.300 ,0.003 ,-5.4 ,0.0 ,3.9 ,290 ,49.1 ,12.17 ,55166 
20221201 ,7 ,0.025 ,0.013 ,0.400 ,0.003 ,-5.4 ,0.0 ,2.4 ,320 ,43.4 ,10.23 ,54962 
20221202 ,8 ,0.012 ,0.031 ,0.600 ,0.003 ,-2.5 ,0.0 ,1.7 ,50 ,42.0 ,11.87 ,55392 
20221203 ,21 ,0.013 ,0.029 ,0.600 ,0.003 ,2.1 ,1.1 ,2.6 ,50 ,70.5 ,6.28 ,49077 
20221204 ,6 ,0.032 ,0.009 ,0.300 ,0.003 ,-3.5 ,0.0 ,2.8 ,290 ,38.9 ,6.13 ,43830 
20221205 ,9 ,0.020 ,0.021 ,0.400 ,0.003 ,-3.1 ,0.0 ,2.4 ,290 ,41.9 ,11.74 ,52416 
20221206 ,13 ,0.012 ,0.035 ,0.600 ,0.003 ,0.9 ,0.1 ,2.4 ,20 ,62.8 ,9.16 ,53112 
20221207 ,13 ,0.018 ,0.028 ,0.600 ,0.003 ,4.9 ,0.1 ,2.7 ,250 ,60.4 ,9.89 ,53878 
20221208 ,9 ,0.011 ,0.035 ,0.600 ,0.003 ,3.7 ,0.0 ,1.4 ,270 ,57.5 ,9.97 ,55348 
20221209 ,20 ,0.008 ,0.041 ,0.800 ,0.004 ,4.5 ,0.0 ,2.0 ,50 ,60.8 ,7.22 ,56040 
20221210 ,18 ,0.007 ,0.042 ,0.700 ,0.004 ,2.6 ,0.0 ,1.3 ,270 ,46.5 ,6.71 ,50959 
20221211 ,21 ,0.014 ,0.029 ,0.700 ,0.004 ,1.6 ,0.0 ,1.8 ,290 ,52.5 ,11.11 ,41952 
20221212 ,18 ,0.004 ,0.048 ,0.800 ,0.004 ,2.0 ,5.4 ,1.7 ,20 ,73.4 ,5.05 ,21217 
20221213 ,25 ,0.022 ,0.017 ,0.400 ,0.003 ,0.0 ,0.6 ,3.5 ,270 ,70.8 ,4.85 ,51745 
20221214 ,9 ,0.023 ,0.010 ,0.400 ,0.003 ,-8.4 ,0.0 ,3.2 ,290 ,50.1 ,11.41 ,54284 
20221215 ,18 ,0.005 ,0.037 ,0.600 ,0.004 ,-4.5 ,2.4 ,2.5 ,50 ,79.1 ,2.17 ,33414 
20221216 ,16 ,0.016 ,0.025 ,0.600 ,0.004 ,-6.3 ,0.0 ,2.0 ,270 ,56.9 ,10.44 ,26534 
20221217 ,12 ,0.021 ,0.017 ,0.500 ,0.004 ,-7.0 ,0.2 ,2.7 ,270 ,52.0 ,10.46 ,50001 
20221218 ,7 ,0.025 ,0.009 ,0.400 ,0.003 ,-9.5 ,0.0 ,2.6 ,290 ,47.1 ,11.42 ,9872 
20221219 ,10 ,0.014 ,0.028 ,0.500 ,0.003 ,-7.0 ,0.0 ,1.7 ,290 ,55.6 ,8.93 ,41901 
20221220 ,19 ,0.006 ,0.046 ,0.700 ,0.004 ,-3.2 ,0.0 ,2.2 ,50 ,55.8 ,10.10 ,53772 
20221221 ,27 ,0.008 ,0.040 ,0.700 ,0.004 ,-0.1 ,3.6 ,2.7 ,50 ,82.4 ,2.48 ,47070 
20221222 ,13 ,0.024 ,0.012 ,0.400 ,0.003 ,-7.8 ,0.0 ,4.4 ,270 ,60.5 ,10.05 ,54012 
20221223 ,10 ,0.024 ,0.010 ,0.400 ,0.002 ,-11.8 ,0.0 ,4.3 ,290 ,60.5 ,10.76 ,55293 
20221224 ,17 ,0.011 ,0.031 ,0.600 ,0.003 ,-8.4 ,0.0 ,1.8 ,50 ,54.9 ,10.92 ,50774 
20221225 ,25 ,0.011 ,0.038 ,0.800 ,0.003 ,-5.4 ,0.0 ,1.7 ,270 ,66.5 ,10.89 ,45219 
20221226 ,29 ,0.005 ,0.051 ,0.900 ,0.004 ,-3.9 ,0.0 ,1.4 ,50 ,68.4 ,8.27 ,51523 
20221227 ,31 ,0.009 ,0.048 ,0.900 ,0.004 ,-2.6 ,0.0 ,1.8 ,20 ,69.8 ,10.25 ,53577 
20221228 ,17 ,0.018 ,0.027 ,0.600 ,0.004 ,-3.3 ,0.1 ,2.5 ,270 ,58.1 ,10.86 ,53414 
20221229 ,14 ,0.013 ,0.034 ,0.600 ,0.004 ,-2.9 ,0.0 ,1.7 ,270 ,56.3 ,10.88 ,54192 
20221230 ,22 ,0.014 ,0.036 ,0.700 ,0.004 ,-1.8 ,0.0 ,1.9 ,270 ,65.6 ,10.84 ,27122 
20230208 ,38 ,0.024 ,0.027 ,0.700 ,0.003 ,2.1 ,0.0 ,2.5 ,270 ,62.1 ,14.82 ,18741 
20230209 ,19 ,0.016 ,0.038 ,0.700 ,0.003 ,4.0 ,0.0 ,2.5 ,50 ,49.9 ,12.36 ,53564 
20230210 ,14 ,0.023 ,0.023 ,0.500 ,0.003 ,3.8 ,0.6 ,2.2 ,290 ,79.6 ,7.07 ,54320 
20230211 ,29 ,0.013 ,0.039 ,0.700 ,0.003 ,2.8 ,0.0 ,1.8 ,20 ,73.0 ,10.90 ,49294 
20230212 ,48 ,0.015 ,0.037 ,0.800 ,0.003 ,3.7 ,0.0 ,1.8 ,50 ,70.0 ,8.48 ,42922 
20230213 ,19 ,0.021 ,0.029 ,0.700 ,0.003 ,5.9 ,0.0 ,2.3 ,50 ,66.5 ,5.44 ,51405 
20230214 ,21 ,0.024 ,0.019 ,0.600 ,0.003 ,1.7 ,0.0 ,2.7 ,270 ,54.9 ,15.95 ,54232 
20230215 ,10 ,0.020 ,0.025 ,0.500 ,0.003 ,3.2 ,0.0 ,2.5 ,50 ,46.4 ,15.24 ,53877 
20230216 ,18 ,0.020 ,0.026 ,0.500 ,0.003 ,2.3 ,0.0 ,2.7 ,230 ,68.3 ,6.45 ,54636 
20230217 ,33 ,0.012 ,0.043 ,0.700 ,0.003 ,3.4 ,0.0 ,1.8 ,20 ,67.8 ,13.67 ,54954 
20230218 ,61 ,0.006 ,0.055 ,1.000 ,0.004 ,5.7 ,0.0 ,1.5 ,50 ,58.3 ,2.91 ,49815 
20230219 ,31 ,0.032 ,0.019 ,0.500 ,0.003 ,3.5 ,0.4 ,3.3 ,270 ,56.1 ,14.47 ,43904 
20230220 ,9 ,0.030 ,0.014 ,0.400 ,0.003 ,-0.5 ,0.0 ,3.3 ,270 ,46.4 ,18.16 ,51745 
20230221 ,14 ,0.024 ,0.021 ,0.500 ,0.003 ,-1.3 ,0.0 ,2.1 ,270 ,42.4 ,18.25 ,53911 
20230222 ,22 ,0.015 ,0.038 ,0.600 ,0.004 ,1.2 ,0.0 ,2.2 ,270 ,50.6 ,17.00 ,53907 
20230223 ,21 ,0.028 ,0.024 ,0.500 ,0.003 ,2.9 ,0.0 ,1.9 ,270 ,65.5 ,15.87 ,53688 
20230224 ,25 ,0.032 ,0.016 ,0.500 ,0.003 ,3.5 ,0.0 ,3.0 ,290 ,57.9 ,17.42 ,55270 
20230225 ,16 ,0.031 ,0.013 ,0.400 ,0.003 ,0.7 ,0.0 ,2.9 ,290 ,44.0 ,18.60 ,50649 
20230226 ,17 ,0.028 ,0.020 ,0.500 ,0.003 ,2.2 ,0.0 ,2.1 ,290 ,46.6 ,18.83 ,41591 
20230227 ,26 ,0.015 ,0.045 ,0.700 ,0.004 ,4.4 ,0.0 ,1.9 ,20 ,47.4 ,18.65 ,51246 
20230228 ,22 ,0.016 ,0.040 ,0.700 ,0.003 ,4.3 ,0.0 ,2.0 ,270 ,63.4 ,10.26 ,51834 
20230301 ,15 ,0.032 ,0.016 ,0.400 ,0.003 ,6.0 ,0.0 ,3.1 ,270 ,54.4 ,10.19 ,44328 
20230302 ,10 ,0.030 ,0.014 ,0.400 ,0.003 ,2.2 ,0.0 ,2.8 ,250 ,37.8 ,19.45 ,53028 
20230303 ,14 ,0.019 ,0.031 ,0.500 ,0.003 ,4.6 ,0.0 ,2.1 ,270 ,65.0 ,15.67 ,54716 
20230304 ,39 ,0.022 ,0.036 ,0.700 ,0.003 ,7.7 ,0.0 ,1.9 ,50 ,68.4 ,14.91 ,49079 
20230305 ,44 ,0.027 ,0.034 ,0.700 ,0.003 ,8.0 ,0.0 ,1.7 ,270 ,54.0 ,17.21 ,42637 
20230306 ,28 ,0.027 ,0.044 ,0.700 ,0.004 ,9.2 ,0.0 ,2.1 ,20 ,41.9 ,18.63 ,51567 
20230307 ,31 ,0.024 ,0.043 ,0.700 ,0.004 ,11.7 ,0.0 ,2.3 ,50 ,60.9 ,15.35 ,54157 
20230308 ,27 ,0.024 ,0.038 ,0.700 ,0.004 ,12.5 ,1.2 ,2.0 ,20 ,66.3 ,8.39 ,53860 
20230309 ,40 ,0.021 ,0.034 ,0.700 ,0.003 ,10.3 ,3.7 ,2.3 ,230 ,85.9 ,6.52 ,54357 
20230310 ,49 ,0.020 ,0.042 ,0.900 ,0.004 ,13.5 ,0.0 ,2.1 ,50 ,62.1 ,17.03 ,54526 
20230311 ,48 ,0.033 ,0.038 ,0.800 ,0.004 ,15.2 ,0.0 ,2.4 ,20 ,52.0 ,16.95 ,46811 
20230312 ,22 ,0.039 ,0.014 ,0.500 ,0.003 ,5.9 ,5.6 ,3.7 ,250 ,68.0 ,3.68 ,42486 
20230313 ,6 ,0.030 ,0.016 ,0.400 ,0.003 ,2.9 ,0.0 ,3.2 ,230 ,38.9 ,20.79 ,52574 
20230314 ,8 ,0.025 ,0.026 ,0.500 ,0.003 ,9.2 ,0.0 ,2.9 ,200 ,45.9 ,19.73 ,54534 
20230315 ,10 ,0.022 ,0.025 ,0.500 ,0.003 ,8.6 ,0.0 ,3.0 ,200 ,66.6 ,5.62 ,54555 
20230316 ,8 ,0.030 ,0.013 ,0.400 ,0.003 ,4.6 ,0.0 ,2.4 ,270 ,36.8 ,18.09 ,54719 
20230317 ,12 ,0.023 ,0.023 ,0.500 ,0.003 ,7.2 ,0.0 ,1.7 ,290 ,34.3 ,13.94 ,55479 
20230318 ,24 ,0.028 ,0.020 ,0.600 ,0.004 ,7.7 ,0.0 ,2.6 ,270 ,46.4 ,19.07 ,49079 
20230319 ,55 ,0.031 ,0.028 ,0.800 ,0.004 ,8.3 ,0.0 ,2.1 ,270 ,59.6 ,21.25 ,46759 
20230320 ,52 ,0.022 ,0.044 ,0.800 ,0.004 ,9.5 ,0.0 ,1.6 ,250 ,50.4 ,20.06 ,52687 
20230321 ,29 ,0.027 ,0.045 ,0.700 ,0.004 ,13.0 ,0.0 ,1.7 ,50 ,35.1 ,21.60 ,54066 
20230322 ,29 ,0.026 ,0.042 ,0.800 ,0.004 ,17.0 ,0.0 ,1.8 ,50 ,44.8 ,16.64 ,54765 
20230323 ,24 ,0.026 ,0.025 ,0.600 ,0.004 ,17.4 ,0.0 ,2.5 ,290 ,48.9 ,14.50 ,54534 
20230324 ,21 ,0.022 ,0.025 ,0.500 ,0.004 ,12.5 ,0.0 ,2.3 ,270 ,36.8 ,16.13 ,55830 
20230325 ,22 ,0.026 ,0.023 ,0.500 ,0.003 ,12.5 ,0.0 ,2.3 ,50 ,59.9 ,15.13 ,47209 
20230326 ,14 ,0.038 ,0.010 ,0.400 ,0.003 ,9.4 ,0.0 ,3.6 ,290 ,34.0 ,24.36 ,45120 
20230327 ,17 ,0.036 ,0.020 ,0.500 ,0.003 ,7.3 ,0.0 ,2.3 ,270 ,44.8 ,22.88 ,53410 
20230328 ,25 ,0.027 ,0.033 ,0.600 ,0.004 ,9.2 ,0.0 ,2.1 ,20 ,53.3 ,18.44 ,53684 
20230329 ,34 ,0.026 ,0.035 ,0.600 ,0.004 ,11.8 ,0.0 ,1.9 ,250 ,50.3 ,21.79 ,54662 
20230330 ,37 ,0.036 ,0.035 ,0.700 ,0.004 ,13.3 ,0.0 ,2.2 ,250 ,42.5 ,23.58 ,55827 
20230331 ,44 ,0.039 ,0.039 ,0.700 ,0.004 ,15.0 ,0.0 ,2.1 ,250 ,42.5 ,22.99 ,55381 
20230401 ,41 ,0.038 ,0.038 ,0.700 ,0.004 ,17.5 ,0.0 ,1.8 ,290 ,40.4 ,21.48 ,50978 
20230402 ,28 ,0.035 ,0.026 ,0.500 ,0.003 ,18.8 ,0.0 ,2.4 ,70 ,29.6 ,24.08 ,44875 
20230403 ,29 ,0.035 ,0.032 ,0.600 ,0.004 ,19.0 ,0.0 ,2.3 ,50 ,29.4 ,22.95 ,53996 
20230404 ,18 ,0.032 ,0.030 ,0.500 ,0.004 ,17.6 ,6.9 ,2.6 ,110 ,40.4 ,10.78 ,54493 
20230405 ,10 ,0.022 ,0.023 ,0.500 ,0.003 ,11.9 ,50.3 ,3.4 ,70 ,97.8 ,1.56 ,52267 
20230406 ,52 ,0.034 ,0.024 ,0.800 ,0.003 ,8.8 ,2.7 ,2.5 ,180 ,94.6 ,2.15 ,54126 
20230407 ,38 ,0.031 ,0.023 ,0.600 ,0.003 ,8.9 ,0.0 ,2.9 ,230 ,65.0 ,23.34 ,54664 
20230408 ,6 ,0.031 ,0.016 ,0.400 ,0.003 ,8.8 ,0.0 ,3.2 ,250 ,51.1 ,25.74 ,51394 
20230409 ,13 ,0.031 ,0.021 ,0.500 ,0.003 ,10.8 ,0.0 ,2.5 ,200 ,56.8 ,25.54 ,44823 
20230410 ,16 ,0.032 ,0.026 ,0.500 ,0.003 ,13.2 ,0.0 ,2.7 ,200 ,50.8 ,22.29 ,53354 
20230411 ,15 ,0.029 ,0.021 ,0.400 ,0.003 ,13.1 ,2.9 ,3.6 ,230 ,73.4 ,2.01 ,53707 
20230412 ,22 ,0.025 ,0.022 ,0.400 ,0.003 ,10.1 ,0.0 ,2.7 ,250 ,45.1 ,24.87 ,54386 
20230413 ,21 ,0.018 ,0.033 ,0.500 ,0.004 ,11.9 ,0.0 ,1.8 ,50 ,45.0 ,16.17 ,54887 
20230414 ,15 ,0.026 ,0.031 ,0.600 ,0.004 ,16.2 ,0.0 ,1.6 ,180 ,58.6 ,14.25 ,55800 
20230415 ,17 ,0.028 ,0.021 ,0.500 ,0.003 ,13.5 ,4.6 ,2.2 ,250 ,81.8 ,9.50 ,50779 
20230416 ,25 ,0.033 ,0.016 ,0.500 ,0.003 ,10.8 ,0.0 ,2.5 ,250 ,71.4 ,14.45 ,44628 
20230417 ,22 ,0.030 ,0.027 ,0.500 ,0.004 ,13.1 ,0.0 ,2.0 ,50 ,59.0 ,17.76 ,52599 
20230418 ,15 ,0.023 ,0.028 ,0.600 ,0.003 ,14.0 ,1.5 ,2.7 ,50 ,78.6 ,10.85 ,53699 
20230419 ,16 ,0.029 ,0.027 ,0.600 ,0.003 ,19.1 ,0.0 ,2.4 ,70 ,66.1 ,27.82 ,53043 
20230420 ,10 ,0.028 ,0.018 ,0.500 ,0.003 ,15.8 ,0.5 ,2.4 ,270 ,92.1 ,4.12 ,53296 
20230421 ,10 ,0.031 ,0.014 ,0.400 ,0.003 ,16.7 ,0.0 ,2.5 ,320 ,50.4 ,21.05 ,54980 
20230422 ,9 ,0.030 ,0.018 ,0.400 ,0.003 ,16.9 ,0.0 ,2.6 ,50 ,22.9 ,21.20 ,50881 
20230423 ,12 ,0.029 ,0.018 ,0.400 ,0.003 ,16.1 ,0.0 ,2.1 ,50 ,34.1 ,19.47 ,44571 
20230424 ,14 ,0.031 ,0.023 ,0.500 ,0.003 ,15.8 ,0.0 ,2.7 ,70 ,40.5 ,20.31 ,51169 
20230425 ,13 ,0.022 ,0.026 ,0.500 ,0.003 ,10.9 ,0.4 ,1.9 ,50 ,68.6 ,5.22 ,53392 
20230426 ,11 ,0.030 ,0.018 ,0.400 ,0.003 ,10.2 ,0.0 ,3.1 ,200 ,69.9 ,15.52 ,42672 
20230427 ,18 ,0.026 ,0.028 ,0.600 ,0.003 ,12.9 ,0.0 ,1.9 ,270 ,61.6 ,26.55 ,55509 
20230428 ,14 ,0.026 ,0.030 ,0.600 ,0.003 ,15.7 ,1.9 ,2.1 ,230 ,62.0 ,21.25 ,55531 
20230429 ,10 ,0.023 ,0.016 ,0.500 ,0.002 ,13.2 ,25.1 ,2.9 ,250 ,88.1 ,6.04 ,48572 
20230430 ,11 ,0.034 ,0.012 ,0.400 ,0.003 ,12.7 ,0.1 ,3.3 ,250 ,72.9 ,19.71 ,46668 
20230501 ,14 ,0.032 ,0.014 ,0.410 ,0.003 ,14.6 ,0.0 ,2.5 ,270 ,57.0 ,26.80 ,42566 
20230502 ,10 ,0.025 ,0.030 ,0.530 ,0.003 ,16.7 ,0.0 ,2.1 ,70 ,40.5 ,21.58 ,52729 
20230503 ,14 ,0.030 ,0.025 ,0.510 ,0.004 ,19.5 ,0.0 ,2.1 ,290 ,52.5 ,26.20 ,55026 
20230504 ,19 ,0.028 ,0.028 ,0.510 ,0.003 ,21.4 ,0.0 ,2.1 ,110 ,65.5 ,16.89 ,57073 
20230505 ,4 ,0.015 ,0.017 ,0.440 ,0.003 ,18.4 ,30.2 ,2.5 ,50 ,95.3 ,1.74 ,42814 
20230506 ,8 ,0.029 ,0.014 ,0.400 ,0.002 ,12.6 ,47.5 ,5.4 ,70 ,85.6 ,5.42 ,46677 
20230507 ,21 ,0.027 ,0.017 ,0.430 ,0.002 ,14.4 ,0.0 ,2.6 ,70 ,47.1 ,12.18 ,45814 
20230508 ,20 ,0.022 ,0.026 ,0.520 ,0.003 ,15.3 ,0.0 ,2.2 ,270 ,55.3 ,28.55 ,53091 
20230509 ,26 ,0.031 ,0.033 ,0.600 ,0.004 ,17.0 ,0.0 ,2.3 ,270 ,55.4 ,28.29 ,54268 
20230510 ,28 ,0.033 ,0.030 ,0.610 ,0.004 ,18.4 ,0.0 ,1.8 ,290 ,53.3 ,25.58 ,54547 
20230511 ,22 ,0.033 ,0.029 ,0.590 ,0.004 ,19.5 ,0.0 ,2.3 ,270 ,50.1 ,27.64 ,55134 
20230512 ,30 ,0.033 ,0.032 ,0.610 ,0.005 ,18.4 ,0.0 ,1.8 ,270 ,50.9 ,19.90 ,54981 
20230513 ,25 ,0.038 ,0.017 ,0.470 ,0.003 ,17.8 ,0.0 ,2.0 ,290 ,62.0 ,23.86 ,52807 
20230514 ,11 ,0.036 ,0.014 ,0.380 ,0.003 ,18.1 ,0.0 ,2.0 ,270 ,56.5 ,25.41 ,44682 
20230515 ,19 ,0.037 ,0.027 ,0.530 ,0.003 ,20.6 ,0.0 ,2.4 ,230 ,54.6 ,26.49 ,53237 
20230516 ,30 ,0.047 ,0.032 ,0.610 ,0.004 ,24.0 ,0.0 ,2.5 ,200 ,51.9 ,27.62 ,54283 
20230517 ,14 ,0.031 ,0.021 ,0.460 ,0.003 ,23.5 ,0.0 ,3.4 ,230 ,63.6 ,27.59 ,54384 
20230518 ,16 ,0.024 ,0.021 ,0.460 ,0.003 ,21.2 ,1.3 ,2.1 ,50 ,74.8 ,13.70 ,55270 
20230519 ,11 ,0.028 ,0.022 ,0.450 ,0.003 ,22.3 ,0.0 ,2.3 ,50 ,61.4 ,25.57 ,55898 
20230520 ,12 ,0.032 ,0.016 ,0.410 ,0.003 ,21.2 ,0.0 ,3.0 ,50 ,66.9 ,25.72 ,51354 
20230521 ,17 ,0.034 ,0.012 ,0.400 ,0.003 ,17.8 ,0.2 ,3.0 ,230 ,74.0 ,20.72 ,49036 
20230522 ,24 ,0.027 ,0.020 ,0.470 ,0.003 ,20.3 ,0.0 ,1.9 ,270 ,61.3 ,23.93 ,52698 
20230523 ,12 ,0.028 ,0.018 ,0.400 ,0.003 ,20.5 ,0.0 ,2.2 ,270 ,48.0 ,29.85 ,53586 
20230524 ,15 ,0.029 ,0.029 ,0.510 ,0.004 ,20.6 ,0.0 ,2.0 ,270 ,49.8 ,19.16 ,54603 
20230525 ,12 ,0.036 ,0.021 ,0.430 ,0.003 ,21.2 ,0.0 ,2.4 ,270 ,46.6 ,27.90 ,55864 
20230526 ,12 ,0.038 ,0.020 ,0.420 ,0.003 ,21.4 ,0.5 ,2.1 ,270 ,57.4 ,26.25 ,56166 
20230527 ,14 ,0.015 ,0.025 ,0.520 ,0.003 ,19.3 ,31.8 ,1.7 ,50 ,87.4 ,3.13 ,46698 
20230528 ,5 ,0.014 ,0.015 ,0.400 ,0.003 ,19.2 ,41.8 ,1.8 ,50 ,98.9 ,2.46 ,41959 
20230529 ,8 ,0.016 ,0.019 ,0.490 ,0.003 ,23.2 ,2.3 ,1.6 ,50 ,83.4 ,15.87 ,42605 
20230530 ,21 ,0.018 ,0.022 ,0.530 ,0.003 ,24.0 ,0.0 ,2.2 ,50 ,69.5 ,18.20 ,53562 
20230531 ,13 ,0.032 ,0.024 ,0.480 ,0.004 ,22.8 ,0.0 ,2.5 ,50 ,60.8 ,23.98 ,53182 
20230601 ,18 ,0.038 ,0.019 ,0.460 ,0.004 ,22.8 ,0.0 ,1.9 ,290 ,66.9 ,15.18 ,54440 
20230602 ,14 ,0.034 ,0.016 ,0.420 ,0.003 ,20.4 ,0.0 ,2.3 ,250 ,77.4 ,14.24 ,55295 
20230603 ,12 ,0.036 ,0.017 ,0.420 ,0.003 ,22.0 ,0.0 ,2.7 ,270 ,60.1 ,31.19 ,46330 
20230604 ,16 ,0.050 ,0.017 ,0.490 ,0.004 ,22.1 ,0.0 ,2.4 ,250 ,61.0 ,28.74 ,44482 
20230605 ,13 ,0.038 ,0.021 ,0.450 ,0.004 ,21.5 ,0.0 ,2.6 ,250 ,66.9 ,26.60 ,52628 
20230606 ,9 ,0.042 ,0.012 ,0.350 ,0.003 ,20.3 ,0.0 ,2.6 ,270 ,72.9 ,21.98 ,43952 
20230607 ,17 ,0.034 ,0.028 ,0.540 ,0.003 ,21.4 ,0.0 ,2.1 ,160 ,75.3 ,10.07 ,54008 
20230608 ,10 ,0.029 ,0.022 ,0.500 ,0.003 ,20.4 ,1.9 ,2.4 ,270 ,80.5 ,10.19 ,55001 
20230609 ,12 ,0.041 ,0.023 ,0.490 ,0.003 ,23.3 ,1.2 ,2.0 ,250 ,64.0 ,28.15 ,54423 
20230610 ,18 ,0.044 ,0.022 ,0.520 ,0.003 ,23.2 ,0.8 ,2.3 ,200 ,70.0 ,18.18 ,49472 
20230611 ,12 ,0.043 ,0.011 ,0.410 ,0.003 ,22.1 ,32.2 ,2.2 ,50 ,76.1 ,21.10 ,42923 
20230612 ,16 ,0.033 ,0.022 ,0.520 ,0.003 ,22.2 ,0.0 ,1.7 ,270 ,70.5 ,19.90 ,52989 
20230613 ,13 ,0.035 ,0.019 ,0.450 ,0.003 ,22.0 ,0.0 ,2.2 ,270 ,70.0 ,25.43 ,54864 
20230614 ,16 ,0.033 ,0.019 ,0.480 ,0.003 ,20.6 ,30.6 ,1.5 ,270 ,80.3 ,13.12 ,53723 
20230615 ,16 ,0.032 ,0.017 ,0.490 ,0.003 ,22.7 ,0.0 ,2.1 ,270 ,70.8 ,25.05 ,54872 
20230616 ,14 ,0.036 ,0.021 ,0.480 ,0.003 ,23.7 ,0.0 ,2.1 ,250 ,64.4 ,29.89 ,55359 
20230617 ,11 ,0.038 ,0.019 ,0.440 ,0.003 ,24.2 ,0.0 ,2.0 ,270 ,57.1 ,27.40 ,49153 
20230618 ,15 ,0.040 ,0.015 ,0.440 ,0.003 ,25.9 ,0.0 ,2.0 ,270 ,60.5 ,28.79 ,45054 
20230619 ,29 ,0.048 ,0.030 ,0.610 ,0.004 ,28.5 ,0.0 ,2.2 ,50 ,57.8 ,25.29 ,53389 
20230620 ,20 ,0.024 ,0.032 ,0.630 ,0.004 ,24.7 ,6.4 ,1.9 ,70 ,64.5 ,5.89 ,54481 
20230621 ,5 ,0.017 ,0.015 ,0.430 ,0.003 ,20.5 ,24.9 ,2.1 ,50 ,92.6 ,4.79 ,51519 
20230622 ,9 ,0.024 ,0.014 ,0.420 ,0.003 ,22.5 ,0.0 ,2.2 ,250 ,77.1 ,21.48 ,54556 
20230623 ,20 ,0.033 ,0.025 ,0.640 ,0.003 ,24.4 ,0.0 ,1.5 ,270 ,76.6 ,18.74 ,54562 
20230624 ,24 ,0.040 ,0.020 ,0.550 ,0.003 ,26.4 ,0.0 ,2.0 ,270 ,70.5 ,21.93 ,50211 
20230625 ,21 ,0.036 ,0.018 ,0.500 ,0.003 ,28.2 ,0.0 ,2.1 ,140 ,64.9 ,23.62 ,44536 
20230626 ,10 ,0.020 ,0.019 ,0.500 ,0.003 ,24.2 ,30.3 ,2.9 ,200 ,88.6 ,3.39 ,51408 
20230627 ,10 ,0.035 ,0.019 ,0.460 ,0.003 ,25.3 ,2.5 ,3.2 ,230 ,73.1 ,20.95 ,53946 
20230628 ,19 ,0.034 ,0.021 ,0.540 ,0.003 ,26.5 ,0.0 ,2.5 ,230 ,77.4 ,18.56 ,54081 
20230629 ,21 ,0.022 ,0.023 ,0.580 ,0.003 ,24.2 ,63.8 ,2.3 ,200 ,95.4 ,2.31 ,52348 
20230630 ,21 ,0.036 ,0.021 ,0.570 ,0.003 ,25.3 ,1.0 ,1.8 ,250 ,89.8 ,10.02 ,37960 
20230701 ,16 ,0.034 ,0.016 ,0.490 ,0.003 ,27.7 ,0.0 ,2.0 ,250 ,76.9 ,29.21 ,53818 
20230702 ,12 ,0.027 ,0.011 ,0.410 ,0.003 ,26.7 ,0.0 ,1.9 ,270 ,79.5 ,19.16 ,38485 
20230703 ,20 ,0.033 ,0.026 ,0.560 ,0.003 ,29.1 ,0.0 ,1.8 ,270 ,72.0 ,25.34 ,52539 
20230704 ,22 ,0.023 ,0.025 ,0.590 ,0.003 ,26.1 ,61.8 ,2.3 ,90 ,86.8 ,6.08 ,51783 
20230705 ,13 ,0.039 ,0.017 ,0.540 ,0.003 ,24.5 ,15.3 ,3.7 ,230 ,82.6 ,19.96 ,51053 
20230706 ,24 ,0.044 ,0.026 ,0.720 ,0.004 ,27.3 ,0.0 ,2.7 ,200 ,70.9 ,25.47 ,53657 
20230707 ,18 ,0.033 ,0.025 ,0.620 ,0.004 ,26.7 ,0.0 ,2.3 ,110 ,64.9 ,23.96 ,55790 
20230708 ,6 ,0.027 ,0.022 ,0.520 ,0.003 ,25.6 ,0.0 ,2.2 ,70 ,76.5 ,13.93 ,46291 
20230709 ,7 ,0.028 ,0.016 ,0.460 ,0.003 ,24.7 ,47.5 ,2.0 ,50 ,86.4 ,8.07 ,41994 
20230710 ,17 ,0.035 ,0.021 ,0.550 ,0.003 ,26.3 ,11.5 ,2.3 ,250 ,80.4 ,18.41 ,51871 
20230711 ,9 ,0.023 ,0.030 ,0.600 ,0.003 ,23.5 ,58.3 ,1.9 ,50 ,92.4 ,2.21 ,51883 
20230712 ,13 ,0.021 ,0.021 ,0.500 ,0.003 ,25.8 ,0.7 ,1.5 ,270 ,86.4 ,12.34 ,53907 
20230713 ,14 ,0.008 ,0.027 ,0.620 ,0.003 ,25.2 ,91.6 ,1.6 ,70 ,95.0 ,2.63 ,49247 
20230714 ,10 ,0.019 ,0.018 ,0.470 ,0.003 ,24.6 ,72.7 ,2.9 ,200 ,99.1 ,1.52 ,51573 
20230715 ,13 ,0.028 ,0.019 ,0.540 ,0.003 ,24.5 ,2.3 ,3.0 ,180 ,93.5 ,3.16 ,41036 
20230716 ,13 ,0.030 ,0.014 ,0.440 ,0.003 ,24.6 ,9.7 ,2.3 ,180 ,89.5 ,5.31 ,44819 
20230717 ,13 ,0.020 ,0.020 ,0.490 ,0.004 ,25.5 ,1.4 ,1.7 ,200 ,86.1 ,10.78 ,51384 
20230718 ,7 ,0.009 ,0.017 ,0.510 ,0.003 ,25.2 ,2.3 ,1.4 ,20 ,87.9 ,7.94 ,53338 
20230719 ,16 ,0.028 ,0.016 ,0.500 ,0.004 ,27.2 ,0.0 ,1.7 ,290 ,78.8 ,26.41 ,54978 
20230720 ,37 ,0.042 ,0.021 ,0.650 ,0.004 ,27.9 ,0.0 ,1.8 ,290 ,74.0 ,24.17 ,53115 
20230721 ,46 ,0.062 ,0.025 ,0.730 ,0.004 ,29.5 ,0.0 ,1.8 ,50 ,69.6 ,23.64 ,55398 
20230722 ,20 ,0.029 ,0.018 ,0.490 ,0.004 ,27.7 ,12.3 ,2.6 ,90 ,73.9 ,17.66 ,29765 
20230723 ,5 ,0.010 ,0.009 ,0.350 ,0.003 ,25.2 ,40.2 ,2.1 ,200 ,94.3 ,2.37 ,40711 
20230724 ,14 ,0.033 ,0.019 ,0.490 ,0.003 ,26.9 ,0.4 ,2.0 ,200 ,83.1 ,14.08 ,52196 
20230725 ,10 ,0.021 ,0.016 ,0.420 ,0.003 ,27.8 ,5.6 ,2.7 ,200 ,80.5 ,16.84 ,54449 
20230726 ,5 ,0.014 ,0.014 ,0.380 ,0.003 ,27.6 ,1.0 ,2.2 ,50 ,80.9 ,15.79 ,53930 
20230727 ,13 ,0.022 ,0.018 ,0.430 ,0.004 ,28.4 ,0.0 ,1.9 ,50 ,78.1 ,18.25 ,54808 
20230728 ,21 ,0.022 ,0.018 ,0.410 ,0.004 ,29.5 ,0.0 ,2.1 ,270 ,72.4 ,23.36 ,55080 
20230729 ,19 ,0.022 ,0.013 ,0.350 ,0.004 ,29.1 ,0.0 ,2.0 ,20 ,72.1 ,18.50 ,47418 
20230730 ,10 ,0.027 ,0.013 ,0.330 ,0.003 ,28.8 ,25.0 ,1.9 ,20 ,72.5 ,21.99 ,43449 
20230731 ,19 ,0.026 ,0.014 ,0.390 ,0.003 ,28.7 ,0.3 ,1.7 ,290 ,76.3 ,20.26 ,52447 
20230801 ,20 ,0.042 ,0.017 ,0.340 ,0.003 ,29.9 ,0.0 ,1.9 ,50 ,71.6 ,21.25 ,53469 
20230802 ,21 ,0.030 ,0.015 ,0.280 ,0.003 ,29.7 ,0.0 ,2.1 ,270 ,67.8 ,24.81 ,52807 
20230803 ,14 ,0.023 ,0.015 ,0.250 ,0.003 ,29.5 ,0.0 ,2.1 ,270 ,67.0 ,25.40 ,54313 
20230804 ,12 ,0.025 ,0.013 ,0.220 ,0.003 ,30.0 ,0.0 ,1.9 ,270 ,67.6 ,23.13 ,54978 
20230805 ,11 ,0.026 ,0.009 ,0.190 ,0.003 ,30.3 ,0.0 ,2.0 ,290 ,69.0 ,27.31 ,47443 
20230806 ,14 ,0.026 ,0.011 ,0.220 ,0.003 ,29.8 ,4.9 ,1.7 ,290 ,76.5 ,12.95 ,41683 
20230807 ,5 ,0.019 ,0.017 ,0.180 ,0.003 ,30.4 ,0.0 ,2.7 ,50 ,68.4 ,15.83 ,51667 
20230808 ,4 ,0.019 ,0.016 ,0.140 ,0.003 ,30.9 ,0.0 ,2.9 ,50 ,60.5 ,23.96 ,53003 
20230809 ,4 ,0.015 ,0.013 ,0.170 ,0.003 ,28.3 ,0.2 ,3.2 ,50 ,67.6 ,13.66 ,53533 
20230810 ,3 ,0.030 ,0.011 ,0.160 ,0.003 ,22.2 ,86.1 ,3.7 ,50 ,91.9 ,2.42 ,45735 
20230811 ,9 ,0.026 ,0.019 ,0.140 ,0.003 ,23.5 ,46.7 ,2.3 ,200 ,93.1 ,3.94 ,51004 
20230814 ,27 ,0.030 ,0.019 ,0.540 ,0.004 ,28.1 ,0.0 ,1.6 ,50 ,75.4 ,13.71 ,52896 
20230815 ,16 ,0.030 ,0.012 ,0.430 ,0.003 ,28.6 ,0.0 ,2.3 ,50 ,71.4 ,21.84 ,45175 
20230816 ,12 ,0.030 ,0.018 ,0.470 ,0.003 ,27.3 ,0.3 ,2.1 ,50 ,72.0 ,15.46 ,49518 
20230817 ,18 ,0.045 ,0.022 ,0.590 ,0.004 ,28.2 ,0.0 ,1.7 ,270 ,73.0 ,18.24 ,53947 
20230818 ,26 ,0.050 ,0.024 ,0.610 ,0.004 ,29.1 ,0.1 ,1.9 ,50 ,72.1 ,19.56 ,55984 
20230819 ,18 ,0.042 ,0.019 ,0.530 ,0.004 ,29.1 ,0.0 ,1.9 ,250 ,68.9 ,21.24 ,49688 
20230820 ,17 ,0.039 ,0.014 ,0.470 ,0.003 ,28.3 ,0.0 ,1.6 ,270 ,71.8 ,15.87 ,36957 
20230821 ,15 ,0.025 ,0.022 ,0.510 ,0.004 ,29.5 ,0.0 ,2.4 ,200 ,69.8 ,19.04 ,52798 
20230822 ,12 ,0.018 ,0.018 ,0.450 ,0.004 ,27.6 ,42.6 ,2.4 ,160 ,80.3 ,10.50 ,52666 
20230823 ,5 ,0.025 ,0.023 ,0.500 ,0.003 ,24.8 ,41.8 ,2.2 ,50 ,91.3 ,3.33 ,52443 
20230824 ,3 ,0.027 ,0.020 ,0.490 ,0.003 ,25.1 ,5.2 ,2.8 ,50 ,84.8 ,12.56 ,54593 
20230825 ,8 ,0.035 ,0.015 ,0.470 ,0.003 ,26.5 ,0.0 ,2.6 ,270 ,77.9 ,20.42 ,56357 
20230826 ,23 ,0.058 ,0.020 ,0.650 ,0.004 ,26.4 ,0.0 ,1.8 ,290 ,72.3 ,19.84 ,50264 
20230827 ,17 ,0.032 ,0.015 ,0.530 ,0.003 ,26.1 ,0.0 ,1.8 ,50 ,75.0 ,12.00 ,45727 
20230828 ,7 ,0.019 ,0.019 ,0.510 ,0.003 ,22.7 ,10.4 ,3.3 ,50 ,87.5 ,3.99 ,51841 
20230829 ,7 ,0.015 ,0.018 ,0.490 ,0.003 ,23.9 ,54.8 ,2.1 ,250 ,89.6 ,2.87 ,52157 
20230830 ,9 ,0.015 ,0.025 ,0.640 ,0.004 ,22.8 ,3.5 ,1.1 ,200 ,88.0 ,4.42 ,52868 
20230831 ,11 ,0.027 ,0.021 ,0.550 ,0.004 ,23.9 ,0.0 ,1.3 ,320 ,76.9 ,18.53 ,55543 
20230901 ,12 ,0.033 ,0.016 ,0.480 ,0.003 ,24.5 ,0.0 ,2.0 ,270 ,70.6 ,24.59 ,55562 
20230902 ,15 ,0.031 ,0.021 ,0.520 ,0.003 ,25.4 ,0.0 ,1.6 ,50 ,63.9 ,23.72 ,51207 
20230903 ,11 ,0.022 ,0.015 ,0.470 ,0.003 ,25.8 ,0.1 ,2.2 ,50 ,77.8 ,12.19 ,33462 
20230904 ,9 ,0.014 ,0.018 ,0.480 ,0.003 ,27.0 ,0.3 ,1.8 ,50 ,79.9 ,10.24 ,52144 
20230905 ,9 ,0.022 ,0.020 ,0.450 ,0.004 ,28.5 ,0.0 ,1.8 ,290 ,69.5 ,19.14 ,55101 
20230906 ,8 ,0.019 ,0.021 ,0.470 ,0.003 ,27.9 ,0.0 ,2.4 ,50 ,65.1 ,22.64 ,55739 
20230907 ,8 ,0.025 ,0.022 ,0.490 ,0.003 ,26.3 ,0.0 ,2.5 ,50 ,54.8 ,24.56 ,55906 
20230908 ,8 ,0.034 ,0.016 ,0.420 ,0.003 ,25.3 ,0.0 ,2.3 ,50 ,60.3 ,24.13 ,55540 
20230909 ,14 ,0.038 ,0.018 ,0.460 ,0.004 ,25.8 ,0.0 ,1.8 ,270 ,66.3 ,22.64 ,50479 
20230910 ,20 ,0.047 ,0.016 ,0.490 ,0.004 ,25.7 ,0.0 ,1.6 ,290 ,68.1 ,14.57 ,46315 
20230911 ,17 ,0.045 ,0.015 ,0.430 ,0.003 ,25.5 ,0.0 ,1.9 ,270 ,67.3 ,14.79 ,40378 
20230912 ,15 ,0.034 ,0.019 ,0.450 ,0.003 ,25.7 ,0.0 ,1.5 ,290 ,69.8 ,12.52 ,54931 
20230913 ,13 ,0.021 ,0.026 ,0.520 ,0.003 ,22.1 ,15.9 ,1.8 ,50 ,84.5 ,3.35 ,53556 
20230914 ,4 ,0.022 ,0.019 ,0.450 ,0.003 ,23.4 ,0.0 ,2.4 ,70 ,72.4 ,13.70 ,55946 
20230915 ,4 ,0.020 ,0.020 ,0.470 ,0.003 ,22.3 ,2.1 ,2.6 ,50 ,82.3 ,5.35 ,51799 
20230916 ,6 ,0.016 ,0.018 ,0.460 ,0.003 ,23.9 ,38.7 ,1.7 ,50 ,87.8 ,6.30 ,47342 
20230917 ,10 ,0.032 ,0.012 ,0.400 ,0.003 ,24.7 ,3.0 ,1.4 ,270 ,84.8 ,12.49 ,39570 
20230918 ,11 ,0.029 ,0.018 ,0.430 ,0.004 ,24.7 ,0.0 ,1.9 ,270 ,79.1 ,13.83 ,53490 
20230919 ,17 ,0.034 ,0.021 ,0.470 ,0.004 ,24.1 ,0.0 ,1.6 ,270 ,81.1 ,8.98 ,53138 
20230920 ,14 ,0.025 ,0.023 ,0.510 ,0.003 ,20.6 ,35.8 ,2.7 ,50 ,90.4 ,2.53 ,52600 
20230921 ,4 ,0.025 ,0.014 ,0.390 ,0.007 ,20.1 ,0.0 ,2.3 ,50 ,70.9 ,13.28 ,55526 
20230922 ,8 ,0.018 ,0.018 ,0.470 ,0.007 ,20.5 ,0.0 ,1.7 ,20 ,68.4 ,20.37 ,43318 
20230923 ,8 ,0.019 ,0.022 ,0.480 ,0.004 ,21.8 ,0.0 ,2.5 ,50 ,63.9 ,19.69 ,41522 
20230924 ,4 ,0.030 ,0.013 ,0.380 ,0.003 ,21.8 ,0.0 ,2.9 ,70 ,56.4 ,19.16 ,45310 
20230925 ,4 ,0.021 ,0.022 ,0.460 ,0.003 ,21.6 ,1.9 ,2.3 ,50 ,66.4 ,11.15 ,53126 
20230926 ,3 ,0.012 ,0.022 ,0.500 ,0.003 ,19.9 ,27.8 ,2.4 ,50 ,95.8 ,2.33 ,37869 
20230927 ,5 ,0.015 ,0.016 ,0.460 ,0.003 ,21.5 ,4.4 ,1.8 ,50 ,90.1 ,6.65 ,52734 
20230928 ,27 ,0.051 ,0.011 ,0.650 ,0.003 ,22.7 ,0.0 ,2.0 ,270 ,78.3 ,17.06 ,40893 
20230929 ,12 ,0.037 ,0.011 ,0.490 ,0.003 ,21.1 ,0.0 ,1.4 ,270 ,61.5 ,16.39 ,36481 
20230930 ,11 ,0.040 ,0.013 ,0.480 ,0.003 ,19.7 ,4.5 ,2.2 ,200 ,77.0 ,7.45 ,37347 
20231001 ,7 ,0.036 ,0.008 ,0.370 ,0.003 ,18.4 ,0.0 ,2.4 ,290 ,59.5 ,20.05 ,19395 
20231002 ,7 ,0.023 ,0.015 ,0.430 ,0.003 ,18.2 ,0.0 ,1.7 ,320 ,53.8 ,19.93 ,20257 
20231003 ,10 ,0.016 ,0.021 ,0.540 ,0.003 ,17.5 ,0.0 ,1.7 ,50 ,66.3 ,9.40 ,19273 
20231004 ,10 ,0.028 ,0.019 ,0.530 ,0.003 ,17.3 ,14.7 ,2.1 ,20 ,75.5 ,12.11 ,24616 
20231005 ,5 ,0.032 ,0.008 ,0.360 ,0.003 ,14.2 ,0.0 ,2.6 ,290 ,46.1 ,19.99 ,24934 
20231006 ,8 ,0.019 ,0.019 ,0.480 ,0.003 ,15.5 ,0.0 ,1.6 ,270 ,55.3 ,17.92 ,26532 
20231007 ,8 ,0.014 ,0.023 ,0.550 ,0.003 ,16.8 ,0.0 ,2.1 ,50 ,62.6 ,13.16 ,23572 
20231008 ,4 ,0.021 ,0.017 ,0.450 ,0.003 ,17.1 ,0.0 ,2.5 ,50 ,67.1 ,5.92 ,21317 
20231009 ,5 ,0.027 ,0.017 ,0.440 ,0.003 ,17.4 ,1.2 ,1.9 ,50 ,68.1 ,11.77 ,20595 
20231010 ,10 ,0.020 ,0.019 ,0.510 ,0.003 ,17.1 ,0.0 ,1.6 ,50 ,67.1 ,18.62 ,26107 
20231011 ,14 ,0.013 ,0.029 ,0.590 ,0.003 ,17.6 ,0.0 ,1.7 ,50 ,57.5 ,17.49 ,26496 
20231012 ,15 ,0.008 ,0.032 ,0.610 ,0.003 ,17.5 ,0.0 ,1.5 ,20 ,62.4 ,14.40 ,26194 
20231013 ,25 ,0.032 ,0.027 ,0.540 ,0.003 ,17.5 ,0.0 ,1.5 ,50 ,69.6 ,9.14 ,26221 
20231014 ,16 ,0.012 ,0.027 ,0.570 ,0.003 ,14.7 ,5.8 ,1.4 ,50 ,84.9 ,6.54 ,23661 
20231015 ,14 ,0.028 ,0.016 ,0.550 ,0.003 ,16.1 ,0.0 ,2.0 ,250 ,80.0 ,13.73 ,20039 
20231016 ,17 ,0.030 ,0.015 ,0.510 ,0.003 ,14.7 ,0.0 ,2.4 ,290 ,57.0 ,18.00 ,26196 
20231017 ,12 ,0.019 ,0.025 ,0.530 ,0.003 ,13.8 ,0.0 ,1.6 ,270 ,55.6 ,17.85 ,26107 
20231018 ,15 ,0.019 ,0.035 ,0.660 ,0.003 ,15.7 ,0.0 ,2.1 ,200 ,67.0 ,14.37 ,26548 
20231019 ,16 ,0.016 ,0.034 ,0.690 ,0.004 ,17.0 ,8.2 ,1.5 ,180 ,82.5 ,2.88 ,26607 
20231020 ,6 ,0.026 ,0.008 ,0.370 ,0.003 ,11.6 ,0.0 ,3.2 ,270 ,46.9 ,17.90 ,26970 
20231021 ,5 ,0.020 ,0.015 ,0.430 ,0.003 ,10.4 ,1.1 ,2.3 ,290 ,54.8 ,16.70 ,24766 
20231022 ,9 ,0.018 ,0.020 ,0.490 ,0.003 ,12.5 ,0.0 ,1.7 ,230 ,67.3 ,14.58 ,22090 
20231023 ,13 ,0.020 ,0.029 ,0.620 ,0.003 ,15.2 ,0.0 ,1.7 ,50 ,73.8 ,12.64 ,25472 
20231024 ,17 ,0.015 ,0.035 ,0.660 ,0.003 ,15.6 ,0.0 ,1.7 ,20 ,78.5 ,9.34 ,26471 
20231025 ,18 ,0.019 ,0.032 ,0.630 ,0.003 ,16.6 ,0.0 ,1.4 ,270 ,78.6 ,11.40 ,26760 
20231026 ,26 ,0.026 ,0.036 ,0.660 ,0.003 ,17.2 ,0.0 ,2.1 ,50 ,79.4 ,5.79 ,27061 
20231027 ,15 ,0.025 ,0.017 ,0.490 ,0.003 ,15.7 ,0.0 ,1.9 ,290 ,71.1 ,10.07 ,27218 
20231028 ,16 ,0.012 ,0.031 ,0.620 ,0.003 ,14.2 ,0.0 ,1.4 ,20 ,62.9 ,15.30 ,23458 
20231029 ,16 ,0.020 ,0.025 ,0.560 ,0.003 ,14.9 ,0.0 ,1.7 ,50 ,61.6 ,15.30 ,21469 
20231030 ,23 ,0.019 ,0.035 ,0.650 ,0.004 ,15.1 ,0.0 ,1.7 ,20 ,72.0 ,13.71 ,25461 
20231031 ,28 ,0.023 ,0.034 ,0.650 ,0.004 ,16.5 ,0.0 ,1.8 ,50 ,76.0 ,10.57 ,26366 
20231101 ,23 ,0.035 ,0.029 ,0.560 ,0.004 ,19.0 ,0.0 ,2.4 ,200 ,81.8 ,2.23 ,26419 
20231102 ,16 ,0.038 ,0.026 ,0.520 ,0.004 ,20.8 ,0.0 ,2.9 ,200 ,70.9 ,12.86 ,26528 
20231103 ,13 ,0.028 ,0.022 ,0.460 ,0.003 ,19.5 ,8.5 ,2.8 ,180 ,83.3 ,6.10 ,26774 
20231104 ,14 ,0.015 ,0.020 ,0.540 ,0.003 ,17.4 ,0.0 ,2.6 ,50 ,75.5 ,8.32 ,23525 
20231105 ,8 ,0.021 ,0.017 ,0.460 ,0.003 ,17.3 ,10.4 ,3.3 ,50 ,87.0 ,3.75 ,20821 
20231106 ,7 ,0.029 ,0.011 ,0.420 ,0.003 ,13.3 ,45.8 ,4.9 ,250 ,84.9 ,4.42 ,24914 
20231107 ,6 ,0.028 ,0.012 ,0.370 ,0.003 ,5.8 ,0.0 ,3.2 ,270 ,62.5 ,14.34 ,26639 
20231110 ,8 ,0.028 ,0.009 ,0.390 ,0.003 ,3.4 ,0.0 ,3.9 ,320 ,53.1 ,14.52 ,26615 
20231111 ,8 ,0.025 ,0.012 ,0.400 ,0.003 ,1.7 ,0.0 ,2.2 ,270 ,47.9 ,10.90 ,24148 
20231112 ,9 ,0.032 ,0.007 ,0.380 ,0.003 ,1.2 ,0.0 ,2.2 ,290 ,53.8 ,14.17 ,22397 
20231113 ,11 ,0.024 ,0.016 ,0.450 ,0.003 ,2.0 ,0.0 ,2.3 ,270 ,54.0 ,14.18 ,25783 
20231114 ,12 ,0.019 ,0.024 ,0.540 ,0.003 ,5.0 ,0.0 ,1.7 ,290 ,66.1 ,12.94 ,26027 
20231115 ,22 ,0.008 ,0.035 ,0.800 ,0.003 ,7.0 ,0.0 ,1.5 ,20 ,71.4 ,10.47 ,26277 
20231116 ,31 ,0.005 ,0.036 ,0.790 ,0.003 ,6.6 ,8.4 ,1.9 ,50 ,85.0 ,1.09 ,25783 
20231117 ,8 ,0.020 ,0.015 ,0.420 ,0.003 ,1.6 ,0.0 ,2.9 ,290 ,59.3 ,7.42 ,26879 
20231118 ,12 ,0.026 ,0.010 ,0.420 ,0.003 ,0.6 ,0.0 ,3.5 ,270 ,58.9 ,12.88 ,24034 
20231119 ,21 ,0.020 ,0.024 ,0.630 ,0.003 ,5.9 ,0.0 ,2.4 ,50 ,68.3 ,7.79 ,21727 
20231120 ,14 ,0.014 ,0.026 ,0.620 ,0.003 ,6.2 ,0.0 ,1.5 ,270 ,58.4 ,12.93 ,25682 
20231121 ,18 ,0.007 ,0.041 ,0.840 ,0.004 ,7.4 ,0.0 ,1.7 ,20 ,59.6 ,12.57 ,26679 
20231122 ,24 ,0.009 ,0.044 ,0.880 ,0.005 ,9.5 ,0.0 ,1.8 ,20 ,68.1 ,10.28 ,26764 
20231123 ,42 ,0.028 ,0.022 ,0.740 ,0.004 ,9.9 ,0.1 ,3.3 ,230 ,71.1 ,8.41 ,26961 
20231124 ,7 ,0.029 ,0.009 ,0.340 ,0.003 ,-1.5 ,0.0 ,3.8 ,290 ,51.8 ,12.67 ,27514 
20231125 ,7 ,0.024 ,0.016 ,0.430 ,0.003 ,-1.3 ,0.0 ,1.8 ,270 ,42.8 ,12.67 ,24799 
20231126 ,13 ,0.012 ,0.032 ,0.570 ,0.003 ,4.0 ,0.0 ,1.4 ,50 ,43.6 ,6.39 ,21557 
20231127 ,23 ,0.011 ,0.031 ,0.700 ,0.003 ,6.2 ,3.6 ,2.4 ,50 ,82.9 ,2.35 ,25951 
20231128 ,16 ,0.026 ,0.013 ,0.480 ,0.003 ,1.3 ,0.0 ,3.3 ,270 ,58.0 ,9.86 ,26336 
20231129 ,8 ,0.019 ,0.023 ,0.490 ,0.003 ,-1.4 ,0.0 ,2.6 ,50 ,59.0 ,4.75 ,26921 
20231130 ,6 ,0.030 ,0.011 ,0.370 ,0.003 ,-4.3 ,0.0 ,2.8 ,290 ,48.5 ,12.44 ,26771 
20231201 ,22 ,9.000 ,0.022 ,0.018 ,0.460 ,0.0 ,0.0 ,2.0 ,290 ,55.3 ,12.20 ,26959 
20231202 ,34 ,16.000 ,0.012 ,0.032 ,0.670 ,0.0 ,0.0 ,2.4 ,50 ,60.8 ,8.25 ,23965 
20231203 ,36 ,18.000 ,0.024 ,0.018 ,0.570 ,0.0 ,0.0 ,1.7 ,290 ,56.3 ,11.62 ,20944 
20231204 ,39 ,22.000 ,0.004 ,0.044 ,0.940 ,0.0 ,0.0 ,1.6 ,20 ,59.5 ,10.39 ,25782 
20231205 ,40 ,25.000 ,0.006 ,0.044 ,0.840 ,0.0 ,0.0 ,2.0 ,50 ,55.4 ,8.09 ,25341 
20231206 ,62 ,46.000 ,0.007 ,0.042 ,1.020 ,0.0 ,3.8 ,2.3 ,50 ,76.1 ,1.87 ,25928 
20231207 ,58 ,15.000 ,0.017 ,0.026 ,0.570 ,0.0 ,0.0 ,2.6 ,230 ,64.0 ,9.35 ,26410 
20231208 ,72 ,20.000 ,0.027 ,0.030 ,0.670 ,0.0 ,0.0 ,3.0 ,200 ,73.4 ,7.54 ,26750 
20231209 ,65 ,28.000 ,0.041 ,0.022 ,0.600 ,0.0 ,0.0 ,2.0 ,200 ,82.9 ,4.05 ,23207 
20231212 ,11 ,4.000 ,0.014 ,0.020 ,0.510 ,0.0 ,0.4 ,2.7 ,50 ,75.6 ,6 ,26171 
20231213 ,16 ,6.000 ,0.006 ,0.030 ,0.690 ,0.0 ,0.0 ,2.4 ,50 ,74.1 ,6 ,26423 
20231214 ,11 ,6.000 ,0.011 ,0.024 ,0.540 ,0.0 ,17.0 ,4.5 ,50 ,85.8 ,1 ,25949 
20231215 ,7 ,5.000 ,0.019 ,0.021 ,0.460 ,0.0 ,31.1 ,3.6 ,50 ,95.4 ,1 ,26441 
20231216 ,19 ,8.000 ,0.031 ,0.010 ,0.400 ,0.0 ,1.5 ,5.2 ,270 ,68.9 ,8 ,24051 
20231217 ,15 ,6.000 ,0.030 ,0.016 ,0.370 ,0.0 ,0.0 ,3.2 ,290 ,48.9 ,12 ,21511 
20231218 ,15 ,6.000 ,0.022 ,0.020 ,0.480 ,0.0 ,0.0 ,2.2 ,50 ,45.1 ,7 ,26066 
20231219 ,24 ,12.000 ,0.008 ,0.036 ,0.630 ,0.0 ,0.3 ,1.9 ,50 ,63.1 ,6 ,25464 
20231220 ,41 ,23.000 ,0.030 ,0.013 ,0.560 ,0.0 ,0.8 ,3.4 ,270 ,64.1 ,9 ,26090 
20231221 ,21 ,10.000 ,0.029 ,0.010 ,0.430 ,0.0 ,0.0 ,3.0 ,270 ,57.4 ,11 ,14354 
20231222 ,22 ,10.000 ,0.028 ,0.011 ,0.430 ,0.0 ,0.0 ,2.7 ,290 ,51.8 ,12 ,26510 
20231223 ,35 ,16.000 ,0.011 ,0.033 ,0.710 ,0.0 ,0.0 ,1.8 ,20 ,53.4 ,11 ,23448 
20231224 ,37 ,25.000 ,0.009 ,0.035 ,0.700 ,0.0 ,1.1 ,1.6 ,70 ,73.4 ,10 ,20846 
20231225 ,40 ,29.000 ,0.015 ,0.032 ,0.770 ,0.0 ,0.7 ,1.5 ,250 ,80.8 ,4 ,18662 
20231226 ,45 ,29.000 ,0.010 ,0.040 ,0.930 ,0.0 ,0.0 ,1.8 ,50 ,72.9 ,9 ,25543 
20231227 ,71 ,48.000 ,0.006 ,0.047 ,1.190 ,0.0 ,0.0 ,1.4 ,50 ,76.6 ,9 ,26062 
20231228 ,47 ,31.000 ,0.009 ,0.037 ,0.940 ,0.0 ,0.0 ,1.6 ,270 ,69.5 ,9 ,25972 
20231229 ,41 ,28.000 ,0.011 ,0.033 ,0.810 ,0.0 ,0.0 ,1.7 ,20 ,71.0 ,5 ,25826 
20231230 ,38 ,25.000 ,0.006 ,0.036 ,0.790 ,0.0 ,13.1 ,2.6 ,50 ,92.0 ,1 ,17231 
20231231 ,22 ,13.000 ,0.016 ,0.023 ,0.770 ,0.0 ,4.7 ,2.0 ,290 ,95.5 ,3 ,20322 
20240101 ,23 ,16.000 ,0.014 ,0.026 ,0.860 ,0.0 ,0.0 ,1.7 ,70 ,83.4 ,7 ,18361 
20240102 ,38 ,24.000 ,0.025 ,0.018 ,0.560 ,0.0 ,0.0 ,1.6 ,290 ,72.6 ,4 ,23175 
20240103 ,39 ,24.000 ,0.024 ,0.020 ,0.560 ,0.0 ,0.6 ,1.6 ,270 ,80.4 ,3 ,24810 
20240104 ,51 ,31.000 ,0.013 ,0.034 ,0.850 ,0.0 ,0.0 ,1.9 ,50 ,74.3 ,5 ,25397 
20240105 ,80 ,48.000 ,0.019 ,0.033 ,0.920 ,0.0 ,0.0 ,2.3 ,270 ,77.1 ,8 ,25747 
20240106 ,25 ,12.000 ,0.027 ,0.015 ,0.470 ,0.0 ,2.4 ,2.2 ,270 ,63.9 ,11 ,22604 
20240107 ,24 ,11.000 ,0.028 ,0.009 ,0.460 ,0.0 ,0.0 ,3.1 ,270 ,57.4 ,12 ,18668 
20240108 ,24 ,11.000 ,0.013 ,0.026 ,0.590 ,0.0 ,0.0 ,1.8 ,50 ,57.8 ,12 ,24546 
20240109 ,35 ,24.000 ,0.002 ,0.041 ,0.830 ,0.0 ,1.6 ,2.0 ,50 ,84.0 ,1 ,21935 
20240110 ,65 ,47.000 ,0.006 ,0.037 ,0.890 ,0.0 ,0.0 ,1.7 ,270 ,85.9 ,8 ,25022 
20240111 ,62 ,43.000 ,0.007 ,0.040 ,0.830 ,0.0 ,0.0 ,1.9 ,200 ,80.6 ,5 ,25617 
20240112 ,53 ,30.000 ,0.025 ,0.018 ,0.610 ,0.0 ,0.0 ,2.3 ,250 ,61.6 ,12 ,25980 
20240113 ,27 ,12.000 ,0.017 ,0.026 ,0.640 ,0.0 ,0.0 ,1.4 ,270 ,44.3 ,12 ,1360 
20240115 ,22 ,10.000 ,0.028 ,0.013 ,0.450 ,0.0 ,0.0 ,2.5 ,270 ,51.3 ,13 ,19854 
20240116 ,32 ,16.000 ,0.012 ,0.033 ,0.780 ,0.0 ,0.0 ,1.5 ,50 ,49.8 ,12 ,25215 
20240117 ,38 ,25.000 ,0.002 ,0.046 ,1.010 ,0.0 ,9.7 ,2.0 ,50 ,78.5 ,2 ,24534 
20240118 ,27 ,18.000 ,0.011 ,0.030 ,0.750 ,0.0 ,0.5 ,2.4 ,50 ,81.5 ,10 ,25569 
20240119 ,16 ,7.000 ,0.026 ,0.022 ,0.540 ,0.0 ,0.0 ,4.5 ,50 ,65.4 ,10 ,26484 
20240120 ,7 ,3.000 ,0.030 ,0.015 ,0.390 ,0.0 ,0.4 ,5.3 ,50 ,69.5 ,3 ,22618 
20240121 ,18 ,13.000 ,0.028 ,0.013 ,0.480 ,0.0 ,0.4 ,2.5 ,50 ,75.8 ,4 ,19606 
20240122 ,30 ,17.000 ,0.031 ,0.009 ,0.440 ,0.0 ,0.2 ,4.1 ,290 ,65.6 ,8 ,10473 
20240123 ,21 ,10.000 ,0.025 ,0.008 ,0.410 ,0.0 ,0.0 ,3.9 ,270 ,53.6 ,14 ,25792 
20240124 ,23 ,11.000 ,0.005 ,0.008 ,0.500 ,0.0 ,0.0 ,3.3 ,270 ,52.0 ,14 ,25129 
20240125 ,24 ,11.000 ,0.012 ,0.014 ,0.530 ,0.0 ,0.0 ,2.1 ,270 ,47.8 ,14 ,25863 
20240126 ,35 ,20.000 ,0.018 ,0.029 ,0.650 ,0.0 ,0.0 ,1.9 ,270 ,62.5 ,13 ,26269 
20240127 ,46 ,30.000 ,0.025 ,0.025 ,0.720 ,0.0 ,0.0 ,1.8 ,270 ,70.0 ,12 ,22422 
20240128 ,29 ,17.000 ,0.028 ,0.020 ,0.560 ,0.0 ,0.0 ,1.9 ,270 ,62.3 ,13 ,20022 
20240129 ,39 ,24.000 ,0.011 ,0.033 ,0.830 ,0.0 ,0.0 ,1.7 ,290 ,66.6 ,13 ,24828 
20240130 ,52 ,33.000 ,0.013 ,0.045 ,1.040 ,0.0 ,0.0 ,1.4 ,50 ,59.3 ,13 ,20881 
20240131 ,54 ,36.000 ,0.020 ,0.041 ,0.980 ,0.0 ,0.0 ,1.9 ,50 ,54.1 ,13 ,25254 
20240201 ,72 ,49.000 ,0.026 ,0.029 ,0.900 ,0.0 ,0.0 ,2.1 ,270 ,64.9 ,10 ,26120 
20240202 ,38 ,25.000 ,0.017 ,0.033 ,0.670 ,0.0 ,0.0 ,2.1 ,50 ,65.5 ,10 ,26462 
20240203 ,32 ,21.000 ,0.012 ,0.033 ,0.670 ,0.0 ,0.0 ,2.2 ,50 ,63.9 ,7 ,22342 
20240204 ,22 ,14.000 ,0.020 ,0.025 ,0.560 ,0.0 ,0.0 ,1.8 ,70 ,60.9 ,11 ,20138 
20240205 ,9 ,4.000 ,0.029 ,0.020 ,0.420 ,0.0 ,3.9 ,5.0 ,50 ,81.8 ,3 ,24873 
20240206 ,14 ,9.000 ,0.023 ,0.023 ,0.500 ,0.0 ,0.2 ,2.2 ,50 ,83.5 ,4 ,26012 
20240207 ,31 ,23.000 ,0.025 ,0.020 ,0.640 ,0.0 ,0.0 ,2.1 ,270 ,76.6 ,4 ,25767 
20240208 ,37 ,26.000 ,0.024 ,0.029 ,0.760 ,0.0 ,0.0 ,1.6 ,270 ,66.9 ,14 ,25236 
20240209 ,32 ,21.000 ,0.028 ,0.024 ,0.650 ,0.0 ,0.0 ,2.2 ,250 ,66.8 ,12 ,18132 
20240210 ,45 ,31.000 ,0.035 ,0.020 ,0.680 ,0.0 ,0.0 ,1.9 ,250 ,69.4 ,11 ,18695 
20240211 ,63 ,45.000 ,0.035 ,0.020 ,0.710 ,0.0 ,0.0 ,2.2 ,250 ,70.6 ,10 ,17740 
20240212 ,58 ,39.000 ,0.023 ,0.029 ,0.790 ,0.0 ,0.0 ,1.8 ,50 ,62.8 ,15 ,17230 
20240213 ,58 ,35.000 ,0.020 ,0.039 ,0.940 ,0.0 ,0.0 ,2.5 ,50 ,70.6 ,11 ,23429 
20240214 ,46 ,27.000 ,0.018 ,0.037 ,1.010 ,0.0 ,0.0 ,2.2 ,230 ,76.4 ,10 ,22574 
20240215 ,20 ,13.000 ,0.031 ,0.014 ,0.440 ,0.0 ,10.9 ,2.9 ,270 ,89.9 ,3 ,25473 
20240216 ,26 ,16.000 ,0.018 ,0.027 ,0.570 ,0.0 ,0.0 ,1.8 ,270 ,72.4 ,13 ,26248 
20240217 ,41 ,27.000 ,0.016 ,0.035 ,0.690 ,0.0 ,0.0 ,1.7 ,50 ,73.5 ,15 ,22513 
20240218 ,37 ,24.000 ,0.010 ,0.035 ,0.710 ,0.0 ,17.1 ,2.8 ,50 ,81.4 ,3 ,20072 
20240219 ,14 ,8.000 ,0.011 ,0.028 ,0.730 ,0.0 ,8.9 ,2.3 ,250 ,95.8 ,1 ,24391 
20240220 ,26 ,13.000 ,0.015 ,0.021 ,0.550 ,0.0 ,2.6 ,3.4 ,50 ,86.3 ,2 ,25854 
20240221 ,6 ,3.000 ,0.024 ,0.020 ,0.400 ,0.0 ,17.8 ,5.2 ,50 ,92.5 ,3 ,24591 
20240222 ,8 ,3.000 ,0.027 ,0.020 ,0.380 ,0.0 ,8.8 ,4.2 ,50 ,84.5 ,5 ,24192 
20240223 ,12 ,4.000 ,0.027 ,0.021 ,0.400 ,0.0 ,0.4 ,3.5 ,50 ,68.8 ,15 ,26112 
20240224 ,18 ,6.000 ,0.029 ,0.018 ,0.380 ,0.0 ,2.3 ,2.9 ,70 ,68.6 ,12 ,23408 
20240225 ,15 ,8.000 ,0.030 ,0.013 ,0.390 ,0.0 ,1.8 ,2.0 ,50 ,80.8 ,8 ,20437 
20240226 ,30 ,15.000 ,0.021 ,0.021 ,0.530 ,0.0 ,0.0 ,1.9 ,50 ,65.3 ,15 ,25393 
20240227 ,22 ,8.000 ,0.028 ,0.022 ,0.420 ,0.0 ,0.0 ,3.0 ,70 ,52.0 ,13 ,25701 
20240228 ,32 ,16.000 ,0.023 ,0.025 ,0.460 ,0.0 ,0.0 ,2.1 ,50 ,59.5 ,10 ,24479 
20240229 ,49 ,31.000 ,0.025 ,0.024 ,0.590 ,0.0 ,0.0 ,2.2 ,290 ,63.6 ,7 ,26672 
20240301 ,34 ,11.000 ,0.042 ,0.006 ,0.310 ,0.0 ,0.0 ,4.4 ,290 ,38.9 ,20 ,43883 
20240302 ,32 ,12.000 ,0.035 ,0.015 ,0.380 ,0.0 ,0.0 ,3.2 ,200 ,60.4 ,13 ,43113 
20240303 ,101 ,57.000 ,0.041 ,0.017 ,0.590 ,0.0 ,0.0 ,2.9 ,250 ,71.5 ,14 ,39587 
20240304 ,65 ,32.000 ,0.019 ,0.037 ,0.640 ,0.0 ,0.0 ,1.6 ,50 ,45.5 ,18 ,50499 
20240305 ,41 ,20.000 ,0.023 ,0.035 ,0.580 ,0.0 ,0.0 ,2.9 ,70 ,45.1 ,6 ,52402 
20240306 ,16 ,6.000 ,0.029 ,0.024 ,0.450 ,0.0 ,0.0 ,2.8 ,50 ,58.8 ,10 ,52535 
20240307 ,31 ,16.000 ,0.031 ,0.023 ,0.460 ,0.0 ,2.1 ,3.0 ,50 ,62.4 ,9 ,53814 
20240308 ,38 ,19.000 ,0.042 ,0.013 ,0.430 ,0.0 ,0.0 ,3.4 ,270 ,50.6 ,20 ,53826 
20240309 ,31 ,15.000 ,0.035 ,0.015 ,0.410 ,0.0 ,0.0 ,2.7 ,250 ,50.8 ,21 ,43219 
20240310 ,28 ,15.000 ,0.031 ,0.021 ,0.440 ,0.0 ,0.0 ,2.1 ,270 ,54.0 ,20 ,34719 
20240313 ,42 ,23.000 ,0.038 ,0.026 ,0.520 ,0.0 ,0.0 ,2.7 ,230 ,57.6 ,21 ,53418 
20240315 ,47 ,29.000 ,0.034 ,0.027 ,0.500 ,0.0 ,0.0 ,2.3 ,200 ,68.5 ,20 ,54709 
20240316 ,48 ,27.000 ,0.035 ,0.025 ,0.530 ,0.0 ,0.0 ,2.1 ,50 ,54.5 ,18 ,46715 
20240317 ,76 ,17.000 ,0.043 ,0.009 ,0.350 ,0.0 ,0.1 ,3.7 ,290 ,48.0 ,19 ,44825 
20240318 ,19 ,6.000 ,0.033 ,0.017 ,0.360 ,0.0 ,0.0 ,2.4 ,270 ,28.6 ,21 ,51238 
20240319 ,47 ,23.000 ,0.037 ,0.019 ,0.450 ,0.0 ,0.2 ,3.7 ,200 ,60.8 ,10 ,53365 
20240320 ,38 ,21.000 ,0.040 ,0.011 ,0.380 ,0.0 ,0.0 ,3.4 ,290 ,46.5 ,19 ,54032 
20240321 ,33 ,17.000 ,0.035 ,0.022 ,0.440 ,0.0 ,0.0 ,2.0 ,290 ,46.5 ,22 ,54505 
20240322 ,40 ,16.000 ,0.029 ,0.030 ,0.510 ,0.0 ,5.4 ,3.4 ,50 ,57.0 ,10 ,54039 
20240323 ,51 ,20.000 ,0.044 ,0.015 ,0.450 ,0.0 ,0.1 ,2.3 ,270 ,66.0 ,19 ,50445 
20240324 ,33 ,13.000 ,0.032 ,0.023 ,0.520 ,0.0 ,0.0 ,2.4 ,70 ,42.5 ,20 ,44328 
20240325 ,19 ,7.000 ,0.029 ,0.022 ,0.430 ,0.0 ,5.1 ,4.0 ,50 ,63.0 ,5 ,52205 
20240326 ,9 ,3.000 ,0.032 ,0.017 ,0.360 ,0.0 ,11.5 ,2.6 ,50 ,77.3 ,14 ,53683 
20240327 ,24 ,13.000 ,0.023 ,0.026 ,0.490 ,0.0 ,0.0 ,2.0 ,50 ,68.4 ,18 ,54485 
20240328 ,28 ,14.000 ,0.021 ,0.026 ,0.540 ,0.0 ,1.9 ,1.8 ,50 ,81.8 ,4 ,55528 
20240329 ,194 ,29.000 ,0.029 ,0.022 ,0.500 ,0.0 ,1.4 ,2.8 ,250 ,73.0 ,7 ,46824 
20240330 ,78 ,16.000 ,0.030 ,0.023 ,0.490 ,0.0 ,0.0 ,2.4 ,50 ,56.5 ,16 ,48728 
20240331 ,37 ,10.000 ,0.036 ,0.014 ,0.400 ,0.0 ,0.0 ,1.9 ,290 ,39.9 ,23 ,44688 
20240401 ,36 ,11.000 ,0.031 ,0.024 ,0.450 ,0.0 ,0.0 ,1.8 ,250 ,32.0 ,24 ,52303 
20240402 ,50 ,21.000 ,0.031 ,0.037 ,0.610 ,0.0 ,0.0 ,2.0 ,20 ,37.5 ,22 ,54014 
20240403 ,42 ,20.000 ,0.019 ,0.040 ,0.640 ,0.0 ,0.0 ,1.8 ,70 ,55.9 ,7 ,52837 
20240404 ,32 ,13.000 ,0.035 ,0.023 ,0.450 ,0.0 ,0.0 ,2.9 ,50 ,52.1 ,15 ,53763 
20240405 ,41 ,18.000 ,0.041 ,0.021 ,0.440 ,0.0 ,0.0 ,2.5 ,90 ,51.3 ,17 ,55725 
20240406 ,58 ,35.000 ,0.038 ,0.027 ,0.560 ,0.0 ,0.0 ,1.9 ,270 ,48.6 ,17 ,50712 
20240407 ,50 ,29.000 ,0.046 ,0.024 ,0.570 ,0.0 ,0.0 ,2.0 ,250 ,33.4 ,23 ,44253 
20240408 ,49 ,25.000 ,0.030 ,0.035 ,0.620 ,0.0 ,0.0 ,2.1 ,270 ,46.5 ,14 ,52363 
20240409 ,37 ,16.000 ,0.039 ,0.020 ,0.450 ,0.0 ,0.0 ,3.5 ,50 ,32.4 ,26 ,55515 
20240410 ,40 ,15.000 ,0.046 ,0.013 ,0.370 ,0.0 ,0.0 ,2.6 ,180 ,62.6 ,15 ,42806 
20240411 ,44 ,18.000 ,0.037 ,0.023 ,0.500 ,0.0 ,0.0 ,1.8 ,50 ,61.0 ,14 ,53836 
20240412 ,45 ,21.000 ,0.034 ,0.025 ,0.520 ,0.0 ,0.0 ,2.1 ,270 ,59.6 ,24 ,55356 
20240413 ,36 ,15.000 ,0.035 ,0.020 ,0.430 ,0.0 ,0.0 ,1.9 ,270 ,52.4 ,26 ,3558 
20240414 ,39 ,20.000 ,0.041 ,0.021 ,0.530 ,0.0 ,0.0 ,1.9 ,50 ,47.1 ,25 ,35831 
20240415 ,22 ,11.000 ,0.025 ,0.023 ,0.460 ,0.0 ,17.1 ,2.5 ,50 ,77.4 ,3 ,51826 
20240416 ,69 ,22.000 ,0.035 ,0.019 ,0.530 ,0.0 ,2.3 ,2.5 ,200 ,82.6 ,13 ,53310 
20240417 ,124 ,34.000 ,0.023 ,0.025 ,0.620 ,0.0 ,0.0 ,2.2 ,250 ,65.3 ,23 ,37996 
20240418 ,99 ,21.000 ,0.031 ,0.025 ,0.560 ,0.0 ,0.0 ,2.2 ,270 ,53.3 ,25 ,55245 
20240419 ,84 ,26.000 ,0.055 ,0.030 ,0.600 ,0.0 ,0.0 ,2.1 ,230 ,51.8 ,24 ,55540 
20240420 ,54 ,24.000 ,0.035 ,0.025 ,0.640 ,0.0 ,4.8 ,3.0 ,70 ,77.3 ,4 ,48955 
20240421 ,19 ,6.000 ,0.042 ,0.011 ,0.430 ,0.0 ,0.0 ,3.8 ,70 ,65.5 ,12 ,43951 
20240422 ,31 ,15.000 ,0.043 ,0.020 ,0.460 ,0.0 ,0.0 ,3.1 ,50 ,49.4 ,19 ,52870 
20240423 ,21 ,9.000 ,0.041 ,0.019 ,0.400 ,0.0 ,0.0 ,3.6 ,50 ,55.0 ,19 ,53151 
20240424 ,13 ,5.000 ,0.030 ,0.015 ,0.380 ,0.0 ,9.0 ,3.0 ,50 ,80.1 ,10 ,53869 
20240425 ,28 ,16.000 ,0.045 ,0.021 ,0.510 ,0.0 ,0.0 ,1.9 ,270 ,75.6 ,19 ,54779 
20240426 ,54 ,23.000 ,0.038 ,0.025 ,0.570 ,0.0 ,0.0 ,1.9 ,250 ,61.1 ,24 ,55411 
20240427 ,38 ,19.000 ,0.044 ,0.023 ,0.560 ,0.0 ,0.0 ,1.9 ,250 ,56.4 ,28 ,3585 
20240429 ,39 ,20.000 ,0.049 ,0.023 ,0.510 ,0.0 ,0.0 ,3.0 ,50 ,48.0 ,21 ,43625 
20240430 ,54 ,33.000 ,0.041 ,0.027 ,0.620 ,0.0 ,0.0 ,2.2 ,200 ,62.5 ,18 ,54033 
20240501 ,25 ,13.000 ,0.047 ,0.015 ,0.370 ,0.0 ,0.0 ,2.4 ,70 ,46.0 ,26 ,47049 
20240502 ,32 ,17.000 ,0.042 ,0.021 ,0.450 ,0.0 ,0.0 ,2.4 ,250 ,48.4 ,29 ,53930 
20240503 ,43 ,23.000 ,0.047 ,0.031 ,0.550 ,0.0 ,0.0 ,1.9 ,270 ,46.9 ,28 ,55986 
20240504 ,49 ,31.000 ,0.063 ,0.030 ,0.620 ,0.0 ,0.0 ,1.9 ,20 ,44.8 ,27 ,48298 
20240505 ,22 ,14.000 ,0.029 ,0.015 ,0.460 ,0.0 ,48.3 ,2.5 ,50 ,87.4 ,2 ,42191 
20240506 ,11 ,6.000 ,0.045 ,0.011 ,0.410 ,0.0 ,12.3 ,3.1 ,200 ,92.9 ,3 ,41401 
20240507 ,23 ,13.000 ,0.027 ,0.019 ,0.490 ,0.0 ,2.4 ,3.0 ,50 ,77.3 ,5 ,52939 
20240508 ,20 ,9.000 ,0.032 ,0.015 ,0.400 ,0.0 ,0.0 ,2.3 ,50 ,58.8 ,27 ,54016 
20240509 ,28 ,13.000 ,0.040 ,0.018 ,0.400 ,0.0 ,0.0 ,2.9 ,200 ,63.6 ,27 ,55026 
20240510 ,29 ,13.000 ,0.043 ,0.020 ,0.420 ,0.0 ,0.0 ,2.6 ,230 ,55.6 ,28 ,55847 
20240511 ,21 ,7.000 ,0.030 ,0.013 ,0.330 ,0.0 ,31.7 ,3.5 ,200 ,80.0 ,6 ,49332 
20240512 ,58 ,12.000 ,0.038 ,0.009 ,0.330 ,0.0 ,0.0 ,2.7 ,250 ,65.0 ,29 ,47861 
20240513 ,28 ,12.000 ,0.038 ,0.018 ,0.430 ,0.0 ,0.0 ,2.3 ,270 ,51.9 ,30 ,51472 
20240514 ,25 ,13.000 ,0.042 ,0.023 ,0.430 ,0.0 ,0.0 ,2.4 ,270 ,43.3 ,30 ,48311 
20240515 ,19 ,7.000 ,0.040 ,0.012 ,0.330 ,0.0 ,20.6 ,2.7 ,290 ,74.3 ,8 ,43316 
20240516 ,16 ,7.000 ,0.039 ,0.012 ,0.360 ,0.0 ,0.1 ,3.1 ,290 ,61.3 ,31 ,52820 
20240517 ,41 ,19.000 ,0.049 ,0.022 ,0.500 ,0.0 ,0.0 ,2.2 ,250 ,63.6 ,24 ,54377 
20240518 ,26 ,10.000 ,0.033 ,0.017 ,0.410 ,0.0 ,0.0 ,2.0 ,270 ,65.3 ,27 ,51141 
20240519 ,22 ,10.000 ,0.038 ,0.011 ,0.320 ,0.0 ,0.0 ,1.9 ,270 ,63.1 ,29 ,45044 
20240520 ,31 ,15.000 ,0.024 ,0.016 ,0.360 ,0.0 ,0.0 ,2.3 ,270 ,75.0 ,11 ,52244 
20240521 ,46 ,26.000 ,0.038 ,0.019 ,0.440 ,0.0 ,0.0 ,1.9 ,270 ,68.1 ,26 ,53751 
20240522 ,58 ,35.000 ,0.040 ,0.020 ,0.520 ,0.0 ,0.0 ,2.3 ,270 ,68.9 ,27 ,54340 
20240523 ,30 ,17.000 ,0.033 ,0.017 ,0.380 ,0.0 ,0.0 ,2.5 ,250 ,67.9 ,30 ,55463 
20240524 ,32 ,21.000 ,0.028 ,0.012 ,0.370 ,0.0 ,0.0 ,2.1 ,270 ,75.1 ,21 ,55507 
20240525 ,34 ,20.000 ,0.032 ,0.018 ,0.410 ,0.0 ,0.0 ,1.8 ,50 ,62.8 ,17 ,49751 
20240526 ,24 ,14.000 ,0.037 ,0.012 ,0.350 ,0.0 ,8.7 ,2.7 ,110 ,74.3 ,10 ,43169 
20240527 ,24 ,10.000 ,0.042 ,0.010 ,0.300 ,0.0 ,0.0 ,3.3 ,270 ,63.4 ,27 ,50635 
20240528 ,16 ,7.000 ,0.032 ,0.015 ,0.340 ,0.0 ,0.0 ,2.5 ,50 ,54.8 ,28 ,53959 
20240529 ,23 ,11.000 ,0.034 ,0.021 ,0.390 ,0.0 ,0.0 ,2.1 ,270 ,51.6 ,29 ,46343 
20240530 ,26 ,14.000 ,0.038 ,0.024 ,0.450 ,0.0 ,0.0 ,1.6 ,20 ,49.1 ,13 ,55646 
20240531 ,24 ,13.000 ,0.046 ,0.015 ,0.350 ,0.0 ,1.0 ,2.6 ,270 ,60.0 ,30 ,55519 
20240601 ,29 ,13.000 ,0.042 ,0.010 ,0.310 ,0.0 ,0.0 ,2.8 ,270 ,61.3 ,27 ,51865 
20240602 ,20 ,9.000 ,0.050 ,0.008 ,0.290 ,0.0 ,0.0 ,2.7 ,290 ,51.9 ,29 ,43717 
20240603 ,18 ,7.000 ,0.030 ,0.016 ,0.330 ,0.0 ,0.0 ,2.4 ,50 ,47.4 ,30 ,51805 
20240604 ,18 ,9.000 ,0.037 ,0.017 ,0.350 ,0.0 ,0.0 ,2.4 ,50 ,42.1 ,31 ,53277 
20240605 ,39 ,23.000 ,0.045 ,0.026 ,0.520 ,0.0 ,0.0 ,1.9 ,290 ,53.9 ,25 ,56019 
20240606 ,41 ,28.000 ,0.053 ,0.023 ,0.470 ,0.0 ,0.0 ,2.0 ,270 ,54.3 ,24 ,45520 
20240607 ,31 ,18.000 ,0.047 ,0.023 ,0.430 ,0.0 ,0.8 ,1.9 ,270 ,54.3 ,20 ,52685 
20240608 ,26 ,17.000 ,0.029 ,0.015 ,0.380 ,0.0 ,16.9 ,1.6 ,50 ,79.5 ,10 ,47267 
20240609 ,29 ,19.000 ,0.043 ,0.012 ,0.400 ,0.0 ,0.0 ,1.8 ,270 ,68.9 ,28 ,43149 
20240610 ,47 ,30.000 ,0.060 ,0.020 ,0.520 ,0.0 ,0.0 ,2.2 ,270 ,66.3 ,27 ,51094 
20240611 ,58 ,37.000 ,0.079 ,0.020 ,0.520 ,0.0 ,0.0 ,2.4 ,180 ,62.4 ,27 ,54059 
20240612 ,28 ,14.000 ,0.053 ,0.019 ,0.410 ,0.0 ,0.0 ,2.1 ,250 ,60.8 ,28 ,54331 
20240613 ,28 ,16.000 ,0.045 ,0.020 ,0.410 ,0.0 ,0.0 ,1.8 ,270 ,51.4 ,30 ,44852 
20240614 ,33 ,19.000 ,0.042 ,0.023 ,0.430 ,0.0 ,0.0 ,2.3 ,270 ,56.0 ,24 ,56143 
20240615 ,25 ,17.000 ,0.027 ,0.012 ,0.320 ,0.0 ,6.1 ,1.9 ,270 ,72.3 ,16 ,49676 
20240616 ,20 ,11.000 ,0.047 ,0.010 ,0.330 ,0.0 ,0.0 ,2.8 ,270 ,58.4 ,30 ,44756 
20240617 ,20 ,11.000 ,0.046 ,0.020 ,0.400 ,0.0 ,0.0 ,2.4 ,250 ,48.4 ,28 ,52775 
20240618 ,26 ,14.000 ,0.045 ,0.020 ,0.390 ,0.0 ,0.0 ,2.1 ,270 ,59.5 ,29 ,53815 
20240619 ,37 ,24.000 ,0.068 ,0.026 ,0.510 ,0.0 ,0.0 ,1.6 ,270 ,54.3 ,28 ,54717 
20240620 ,41 ,26.000 ,0.070 ,0.025 ,0.520 ,0.0 ,0.0 ,2.0 ,270 ,45.1 ,26 ,55248 
20240621 ,36 ,21.000 ,0.057 ,0.025 ,0.450 ,0.0 ,0.0 ,2.0 ,270 ,49.8 ,25 ,56523 
20240622 ,30 ,20.000 ,0.027 ,0.022 ,0.520 ,0.0 ,16.5 ,2.0 ,50 ,80.6 ,4 ,49848 
20240623 ,16 ,8.000 ,0.031 ,0.009 ,0.340 ,0.0 ,5.1 ,2.2 ,200 ,79.5 ,19 ,43454 
20240624 ,49 ,18.000 ,0.047 ,0.015 ,0.410 ,0.0 ,0.0 ,2.9 ,230 ,70.4 ,20 ,53096 
20240625 ,20 ,8.000 ,0.047 ,0.014 ,0.340 ,0.0 ,0.0 ,3.0 ,250 ,61.9 ,25 ,54664 
20240626 ,25 ,13.000 ,0.043 ,0.020 ,0.410 ,0.0 ,0.0 ,1.9 ,270 ,61.0 ,28 ,54188 
20240627 ,29 ,15.000 ,0.047 ,0.025 ,0.460 ,0.0 ,0.0 ,1.6 ,270 ,55.0 ,24 ,53783 
20240628 ,37 ,24.000 ,0.068 ,0.022 ,0.450 ,0.0 ,0.0 ,2.1 ,270 ,54.6 ,29 ,39087 
20240629 ,30 ,20.000 ,0.050 ,0.019 ,0.440 ,0.0 ,38.3 ,2.2 ,70 ,65.1 ,20 ,48867 
20240630 ,20 ,11.000 ,0.036 ,0.009 ,0.340 ,0.0 ,32.2 ,3.7 ,200 ,88.5 ,4 ,40874 
20240701 ,24 ,13.000 ,0.050 ,0.015 ,0.380 ,0.0 ,0.0 ,1.8 ,270 ,69.1 ,25 ,52236 
20240702 ,18 ,10.000 ,0.016 ,0.020 ,0.460 ,0.0 ,65.1 ,2.8 ,50 ,90.0 ,2 ,51057 
20240703 ,25 ,13.000 ,0.046 ,0.014 ,0.470 ,0.0 ,0.8 ,3.6 ,230 ,80.3 ,9 ,53673 
20240704 ,38 ,27.000 ,0.061 ,0.018 ,0.530 ,0.0 ,3.6 ,3.0 ,200 ,74.8 ,19 ,54239 
20240705 ,19 ,10.000 ,0.054 ,0.016 ,0.480 ,0.0 ,4.1 ,3.3 ,200 ,80.5 ,11 ,54420 
20240706 ,29 ,15.000 ,0.031 ,0.016 ,0.460 ,0.0 ,2.8 ,3.2 ,50 ,84.1 ,7 ,29947 
20240707 ,21 ,11.000 ,0.044 ,0.013 ,0.450 ,0.0 ,28.7 ,1.8 ,270 ,85.1 ,11 ,42950 
20240708 ,11 ,5.000 ,0.026 ,0.017 ,0.380 ,0.0 ,21.1 ,1.8 ,200 ,93.4 ,3 ,50114 
20240709 ,17 ,8.000 ,0.022 ,0.019 ,0.450 ,0.0 ,0.3 ,1.8 ,140 ,86.9 ,8 ,52780 
20240710 ,12 ,5.000 ,0.027 ,0.015 ,0.370 ,0.0 ,1.4 ,2.2 ,70 ,77.1 ,20 ,53324 
20240711 ,34 ,21.000 ,0.042 ,0.021 ,0.510 ,0.0 ,0.0 ,2.1 ,250 ,79.6 ,22 ,53852 
20240712 ,35 ,20.000 ,0.036 ,0.021 ,0.540 ,0.0 ,0.0 ,1.6 ,270 ,79.5 ,13 ,55546 
20240713 ,47 ,33.000 ,0.048 ,0.018 ,0.570 ,0.0 ,0.0 ,1.9 ,160 ,70.0 ,24 ,9118 
20240714 ,32 ,22.000 ,0.040 ,0.014 ,0.430 ,0.0 ,0.4 ,2.4 ,90 ,65.9 ,22 ,44653 
20240715 ,15 ,6.000 ,0.034 ,0.019 ,0.400 ,0.0 ,0.0 ,2.4 ,70 ,64.6 ,18 ,52321 
20240716 ,16 ,6.000 ,0.024 ,0.019 ,0.420 ,0.0 ,17.0 ,2.3 ,110 ,78.4 ,12 ,52065 
20240717 ,12 ,4.000 ,0.011 ,0.013 ,0.360 ,0.0 ,98.8 ,2.5 ,110 ,91.6 ,3 ,51081 
20240718 ,12 ,5.000 ,0.017 ,0.016 ,0.340 ,0.0 ,128.8 ,2.2 ,200 ,95.3 ,2 ,50892 
20240719 ,26 ,15.000 ,0.041 ,0.018 ,0.430 ,0.0 ,0.1 ,2.2 ,200 ,80.1 ,22 ,55440 
20240720 ,16 ,8.000 ,0.037 ,0.014 ,0.350 ,0.0 ,14.9 ,2.7 ,160 ,80.4 ,13 ,46224 
20240721 ,19 ,7.000 ,0.047 ,0.009 ,0.290 ,0.0 ,8.5 ,3.6 ,200 ,83.6 ,11 ,41877 
20240722 ,15 ,6.000 ,0.014 ,0.011 ,0.340 ,0.0 ,79.9 ,3.1 ,180 ,89.0 ,4 ,50570 
20240723 ,13 ,5.000 ,0.016 ,0.012 ,0.310 ,0.0 ,2.0 ,3.2 ,200 ,87.9 ,5 ,53051 
20240724 ,14 ,5.000 ,0.012 ,0.012 ,0.310 ,0.0 ,14.7 ,2.6 ,200 ,85.0 ,15 ,54004 
20240725 ,21 ,8.000 ,0.020 ,0.018 ,0.370 ,0.0 ,25.3 ,1.8 ,140 ,79.8 ,14 ,54742 
20240726 ,18 ,8.000 ,0.017 ,0.019 ,0.380 ,0.0 ,5.5 ,2.3 ,50 ,81.9 ,18 ,54518 
20240727 ,18 ,7.000 ,0.012 ,0.014 ,0.370 ,0.0 ,33.5 ,1.7 ,140 ,83.6 ,13 ,47652 
20240728 ,18 ,5.000 ,0.011 ,0.008 ,0.280 ,0.0 ,0.0 ,3.2 ,200 ,76.0 ,18 ,2513 
20240729 ,23 ,7.000 ,0.017 ,0.011 ,0.300 ,0.0 ,0.0 ,3.8 ,230 ,84.0 ,3 ,42888 
20240730 ,25 ,11.000 ,0.035 ,0.015 ,0.300 ,0.0 ,0.0 ,2.8 ,230 ,78.8 ,16 ,53620 
20240731 ,19 ,6.000 ,0.023 ,0.014 ,0.300 ,0.0 ,0.0 ,2.6 ,180 ,74.5 ,17 ,53636 
20240801 ,21 ,8.000 ,0.025 ,0.014 ,0.320 ,0.0 ,0.3 ,2.6 ,200 ,75.5 ,15 ,52631 
20240802 ,31 ,15.000 ,0.035 ,0.014 ,0.350 ,0.0 ,0.0 ,2.6 ,270 ,79.4 ,10 ,53259 
20240803 ,33 ,25.000 ,0.054 ,0.011 ,0.370 ,0.0 ,0.0 ,2.2 ,290 ,75.0 ,22 ,48015 
20240804 ,32 ,23.000 ,0.057 ,0.012 ,0.440 ,0.0 ,0.0 ,1.6 ,270 ,69.3 ,24 ,40872 
20240805 ,29 ,22.000 ,0.043 ,0.018 ,0.450 ,0.0 ,1.3 ,1.9 ,50 ,75.5 ,13 ,50059 
20240806 ,18 ,9.000 ,0.035 ,0.019 ,0.420 ,0.0 ,0.0 ,1.9 ,50 ,74.8 ,19 ,51903 
20240807 ,18 ,10.000 ,0.029 ,0.013 ,0.310 ,0.0 ,3.4 ,1.7 ,270 ,72.0 ,21 ,5226 
20240813 ,25 ,16.000 ,0.035 ,0.016 ,0.390 ,0.0 ,0.0 ,1.8 ,320 ,70.0 ,21 ,32261 
20240814 ,26 ,17.000 ,0.033 ,0.020 ,0.420 ,0.0 ,3.0 ,1.9 ,50 ,73.0 ,13 ,54012 
20240815 ,24 ,15.000 ,0.032 ,0.016 ,0.370 ,0.0 ,6.4 ,1.8 ,50 ,74.6 ,16 ,43849 
20240816 ,24 ,14.000 ,0.033 ,0.019 ,0.410 ,0.0 ,0.0 ,2.0 ,50 ,69.4 ,17 ,53002 
20240817 ,23 ,14.000 ,0.038 ,0.016 ,0.370 ,0.0 ,11.0 ,1.7 ,50 ,71.0 ,15 ,46213 
20240818 ,21 ,13.000 ,0.040 ,0.012 ,0.350 ,0.0 ,0.0 ,2.0 ,50 ,73.8 ,18 ,41890 
20240819 ,27 ,16.000 ,0.042 ,0.020 ,0.470 ,0.0 ,2.3 ,1.9 ,50 ,72.3 ,20 ,52613 
20240820 ,28 ,18.000 ,0.030 ,0.019 ,0.440 ,0.0 ,0.0 ,2.3 ,70 ,68.3 ,19 ,54534 
20240821 ,15 ,6.000 ,0.016 ,0.014 ,0.350 ,0.0 ,42.2 ,3.2 ,180 ,85.9 ,5 ,52403 
20240822 ,17 ,5.000 ,0.022 ,0.014 ,0.360 ,0.0 ,0.6 ,3.4 ,200 ,79.9 ,7 ,53674 
20240823 ,28 ,19.000 ,0.054 ,0.020 ,0.490 ,0.0 ,0.0 ,2.7 ,200 ,73.5 ,17 ,56408 
20240824 ,37 ,28.000 ,0.045 ,0.017 ,0.550 ,0.0 ,2.0 ,1.4 ,20 ,78.8 ,12 ,50841 
20240825 ,36 ,28.000 ,0.047 ,0.012 ,0.510 ,0.0 ,0.0 ,1.4 ,20 ,76.6 ,16 ,44186 
20240826 ,34 ,26.000 ,0.029 ,0.021 ,0.560 ,0.0 ,0.0 ,1.5 ,50 ,77.8 ,8 ,52734 
20240827 ,23 ,12.000 ,0.022 ,0.019 ,0.450 ,0.0 ,0.3 ,1.9 ,50 ,69.8 ,10 ,54641 
20240828 ,18 ,8.000 ,0.033 ,0.019 ,0.430 ,0.0 ,0.0 ,2.9 ,50 ,62.1 ,24 ,54908 
20240829 ,13 ,4.000 ,0.032 ,0.017 ,0.390 ,0.0 ,0.0 ,3.1 ,70 ,61.0 ,25 ,43973 
20240830 ,18 ,6.000 ,0.033 ,0.013 ,0.350 ,0.0 ,0.0 ,2.4 ,270 ,64.0 ,25 ,20686 
20240831 ,35 ,18.000 ,0.049 ,0.014 ,0.430 ,0.0 ,0.0 ,1.9 ,270 ,65.6 ,24 ,46098 
20240901 ,30 ,18.000 ,0.042 ,0.013 ,0.440 ,0.0 ,0.0 ,2.0 ,250 ,64.9 ,20 ,44897 
20240902 ,20 ,11.000 ,0.022 ,0.020 ,0.480 ,0.0 ,2.7 ,2.6 ,50 ,73.6 ,6 ,52396 
20240903 ,16 ,5.000 ,0.032 ,0.019 ,0.410 ,0.0 ,0.0 ,2.9 ,70 ,54.5 ,21 ,53370 
20240904 ,26 ,11.000 ,0.045 ,0.020 ,0.450 ,0.0 ,0.0 ,2.2 ,50 ,61.4 ,23 ,55646 
20240905 ,25 ,12.000 ,0.036 ,0.018 ,0.430 ,0.0 ,6.9 ,2.4 ,230 ,79.1 ,7 ,54890 
20240906 ,16 ,7.000 ,0.019 ,0.020 ,0.490 ,0.0 ,0.7 ,2.6 ,70 ,79.3 ,4 ,55539 
20240907 ,24 ,14.000 ,0.045 ,0.018 ,0.450 ,0.0 ,0.0 ,1.9 ,50 ,68.9 ,19 ,51419 
20240908 ,31 ,20.000 ,0.055 ,0.014 ,0.480 ,0.0 ,0.0 ,1.6 ,50 ,69.6 ,20 ,45322 
20240909 ,28 ,18.000 ,0.045 ,0.019 ,0.500 ,0.0 ,0.0 ,1.9 ,50 ,69.0 ,16 ,53514 
20240910 ,28 ,20.000 ,0.045 ,0.019 ,0.490 ,0.0 ,0.0 ,1.8 ,50 ,67.3 ,17 ,54090 
20240911 ,32 ,23.000 ,0.049 ,0.022 ,0.490 ,0.0 ,0.4 ,1.8 ,50 ,71.5 ,12 ,54643 
20240912 ,11 ,6.000 ,0.012 ,0.016 ,0.430 ,0.0 ,32.7 ,2.1 ,50 ,91.5 ,4 ,54617 
20240913 ,14 ,6.000 ,0.008 ,0.016 ,0.440 ,0.0 ,7.6 ,2.2 ,50 ,91.4 ,5 ,38056 
20240914 ,13 ,6.000 ,0.022 ,0.012 ,0.320 ,0.0 ,0.0 ,1.7 ,270 ,80.3 ,15 ,46861 
20240915 ,12 ,6.000 ,0.020 ,0.009 ,0.340 ,0.0 ,0.0 ,2.8 ,70 ,73.6 ,19 ,42911 
20240916 ,8 ,4.000 ,0.028 ,0.012 ,0.340 ,0.0 ,9.5 ,2.8 ,70 ,74.0 ,17 ,38393 
20240917 ,13 ,6.000 ,0.020 ,0.011 ,0.330 ,0.0 ,0.0 ,1.7 ,50 ,77.0 ,15 ,41108 
20240918 ,17 ,10.000 ,0.021 ,0.009 ,0.320 ,0.0 ,0.7 ,1.6 ,290 ,76.8 ,18 ,36758 
20240919 ,22 ,15.000 ,0.036 ,0.018 ,0.410 ,0.0 ,0.0 ,1.7 ,50 ,77.4 ,11 ,50631 
20240920 ,16 ,9.000 ,0.013 ,0.015 ,0.410 ,0.0 ,54.5 ,2.4 ,50 ,89.8 ,4 ,52167 
20240921 ,7 ,3.000 ,0.029 ,0.011 ,0.320 ,0.0 ,27.0 ,4.3 ,50 ,82.3 ,6 ,48755 
20240922 ,6 ,3.000 ,0.024 ,0.008 ,0.300 ,0.0 ,0.0 ,2.7 ,50 ,67.4 ,19 ,45602 
20240923 ,11 ,3.000 ,0.027 ,0.014 ,0.350 ,0.0 ,0.0 ,3.1 ,50 ,58.3 ,22 ,53704 
20240924 ,14 ,5.000 ,0.026 ,0.020 ,0.410 ,0.0 ,0.0 ,2.2 ,50 ,57.9 ,22 ,54847 
20240925 ,18 ,8.000 ,0.026 ,0.021 ,0.440 ,0.0 ,0.0 ,1.7 ,70 ,65.6 ,14 ,52883 
20240926 ,19 ,10.000 ,0.034 ,0.015 ,0.390 ,0.0 ,1.2 ,1.6 ,270 ,75.1 ,14 ,54300 
20240927 ,16 ,9.000 ,0.027 ,0.015 ,0.400 ,0.0 ,0.0 ,2.4 ,50 ,72.8 ,16 ,55152 
20240928 ,14 ,5.000 ,0.032 ,0.015 ,0.370 ,0.0 ,0.0 ,3.4 ,50 ,59.3 ,18 ,47090 
20240929 ,11 ,4.000 ,0.033 ,0.012 ,0.350 ,0.0 ,0.0 ,2.7 ,50 ,61.5 ,18 ,40790 
20240930 ,16 ,6.000 ,0.032 ,0.019 ,0.420 ,0.0 ,0.0 ,2.1 ,50 ,63.0 ,17 ,53837 
20241001 ,6 ,0.030 ,0.012 ,0.350 ,0.002 ,18.3 ,2.5 ,2.5 ,270 ,67.5 ,8 ,36548 
20241002 ,5 ,0.031 ,0.008 ,0.310 ,0.002 ,14.9 ,0.0 ,2.5 ,290 ,48.8 ,21 ,53923 
20241003 ,6 ,0.022 ,0.015 ,0.370 ,0.002 ,16.4 ,0.0 ,1.9 ,50 ,59.0 ,16 ,45214 
20241004 ,7 ,0.021 ,0.016 ,0.370 ,0.003 ,17.6 ,0.0 ,1.8 ,70 ,60.0 ,20 ,53568 
20241005 ,12 ,0.024 ,0.021 ,0.440 ,0.003 ,17.5 ,0.0 ,1.6 ,20 ,60.4 ,17 ,50396 
20241006 ,11 ,0.015 ,0.018 ,0.430 ,0.003 ,15.4 ,0.0 ,1.4 ,50 ,73.5 ,4 ,43138 
20241007 ,19 ,0.024 ,0.017 ,0.480 ,0.003 ,16.9 ,0.0 ,1.3 ,270 ,73.9 ,9 ,53081 
20241008 ,19 ,0.018 ,0.018 ,0.530 ,0.003 ,17.7 ,0.0 ,1.8 ,20 ,73.9 ,15 ,55502 
20241009 ,6 ,0.024 ,0.017 ,0.400 ,0.003 ,18.8 ,0.0 ,2.3 ,50 ,64.1 ,17 ,46498 
20241010 ,9 ,0.024 ,0.021 ,0.420 ,0.003 ,18.8 ,0.0 ,1.9 ,50 ,66.3 ,14 ,54455 
20241011 ,20 ,0.034 ,0.022 ,0.490 ,0.003 ,18.6 ,0.0 ,1.8 ,20 ,68.8 ,16 ,44739 
20241012 ,19 ,0.030 ,0.022 ,0.500 ,0.003 ,18.3 ,0.0 ,1.5 ,20 ,60.6 ,18 ,51424 
20241013 ,15 ,0.021 ,0.020 ,0.490 ,0.003 ,18.3 ,0.0 ,2.0 ,50 ,67.0 ,11 ,46458 
20241014 ,10 ,0.014 ,0.027 ,0.510 ,0.003 ,19.3 ,0.0 ,1.9 ,70 ,70.3 ,5 ,53354 
20241015 ,11 ,0.014 ,0.021 ,0.440 ,0.003 ,19.2 ,0.5 ,1.8 ,50 ,85.0 ,5 ,53220 
20241016 ,19 ,0.022 ,0.021 ,0.530 ,0.003 ,18.2 ,0.0 ,1.5 ,50 ,76.9 ,14 ,54447 
20241017 ,20 ,0.015 ,0.031 ,0.630 ,0.003 ,19.0 ,0.0 ,1.7 ,50 ,70.4 ,15 ,54873 
20241018 ,11 ,0.011 ,0.024 ,0.510 ,0.003 ,17.4 ,47.1 ,2.5 ,50 ,86.1 ,2 ,54052 
20241019 ,3 ,0.028 ,0.010 ,0.330 ,0.003 ,16.6 ,1.0 ,3.3 ,50 ,75.0 ,8 ,50359 
20241020 ,4 ,0.029 ,0.009 ,0.280 ,0.002 ,13.4 ,0.0 ,3.7 ,70 ,56.0 ,17 ,46135 
20241021 ,5 ,0.015 ,0.022 ,0.430 ,0.003 ,14.8 ,0.0 ,2.3 ,50 ,66.4 ,9 ,52566 
20241022 ,6 ,0.007 ,0.024 ,0.530 ,0.003 ,15.5 ,20.6 ,2.0 ,50 ,90.8 ,1 ,52645 
20241023 ,7 ,0.030 ,0.011 ,0.370 ,0.003 ,12.7 ,2.3 ,3.7 ,250 ,75.3 ,10 ,52445 
20241024 ,12 ,0.023 ,0.017 ,0.460 ,0.003 ,12.5 ,0.0 ,1.8 ,20 ,71.4 ,16 ,53016 
20241025 ,13 ,0.009 ,0.028 ,0.630 ,0.003 ,14.9 ,0.0 ,1.7 ,20 ,64.1 ,15 ,55683 
20241026 ,12 ,0.012 ,0.027 ,0.590 ,0.003 ,17.0 ,0.0 ,1.8 ,20 ,68.3 ,16 ,7214 
20241027 ,15 ,0.022 ,0.016 ,0.440 ,0.003 ,16.0 ,0.0 ,1.6 ,270 ,79.4 ,5 ,38202 
20241028 ,17 ,0.017 ,0.018 ,0.520 ,0.003 ,15.7 ,0.0 ,2.1 ,50 ,75.9 ,9 ,52759 
20241029 ,6 ,0.018 ,0.020 ,0.440 ,0.003 ,15.0 ,0.0 ,2.3 ,50 ,64.6 ,6 ,53988 
20241030 ,14 ,0.022 ,0.021 ,0.500 ,0.003 ,15.7 ,0.0 ,1.6 ,320 ,71.3 ,15 ,54588 
20241031 ,16 ,0.011 ,0.027 ,0.590 ,0.003 ,15.9 ,0.0 ,1.4 ,20 ,67.8 ,14 ,55198 
20241103 ,15 ,0.033 ,0.014 ,0.420 ,0.003 ,17.6 ,0.0 ,2.4 ,50 ,71.1 ,13 ,45860 
20241104 ,11 ,0.042 ,0.009 ,0.340 ,0.003 ,14.8 ,0.1 ,2.9 ,320 ,62.0 ,12 ,52524 
20241105 ,8 ,0.026 ,0.011 ,0.340 ,0.003 ,9.1 ,0.0 ,2.1 ,270 ,49.8 ,13 ,53779 
20241106 ,11 ,0.025 ,0.013 ,0.380 ,0.003 ,7.5 ,0.0 ,2.5 ,270 ,46.1 ,15 ,54753 
20241107 ,19 ,0.015 ,0.027 ,0.520 ,0.003 ,7.8 ,0.0 ,1.5 ,20 ,48.1 ,14 ,55105 
20241108 ,17 ,0.013 ,0.033 ,0.600 ,0.003 ,10.2 ,0.0 ,1.5 ,50 ,50.8 ,14 ,54528 
20241109 ,18 ,0.011 ,0.035 ,0.630 ,0.003 ,12.9 ,0.0 ,1.4 ,20 ,55.8 ,13 ,47376 
20241110 ,14 ,0.021 ,0.024 ,0.510 ,0.003 ,14.4 ,0.0 ,1.8 ,50 ,64.0 ,11 ,7842 
20241111 ,24 ,0.025 ,0.027 ,0.610 ,0.003 ,14.6 ,0.0 ,1.2 ,270 ,64.5 ,13 ,51781 
20241112 ,19 ,0.030 ,0.018 ,0.470 ,0.003 ,14.3 ,0.0 ,2.2 ,270 ,66.8 ,13 ,54127 
20241113 ,19 ,0.015 ,0.031 ,0.630 ,0.003 ,14.2 ,0.0 ,1.7 ,20 ,62.9 ,12 ,53968 
20241114 ,14 ,0.008 ,0.034 ,0.630 ,0.003 ,14.8 ,0.1 ,1.8 ,50 ,68.4 ,4 ,53980 
20241115 ,14 ,0.011 ,0.032 ,0.620 ,0.003 ,17.0 ,0.0 ,1.8 ,110 ,65.1 ,10 ,55177 
20241117 ,9 ,0.029 ,0.007 ,0.310 ,0.003 ,7.0 ,0.0 ,3.6 ,290 ,47.6 ,8 ,44844 
20241118 ,6 ,0.024 ,0.011 ,0.310 ,0.003 ,2.8 ,0.0 ,2.3 ,320 ,30.9 ,14 ,53224 
20241119 ,10 ,0.010 ,0.030 ,0.470 ,0.003 ,5.7 ,0.0 ,2.0 ,50 ,49.5 ,10 ,53678 
20241120 ,19 ,0.004 ,0.037 ,0.650 ,0.003 ,6.5 ,0.0 ,1.3 ,50 ,65.8 ,4 ,53828 
20241121 ,30 ,0.015 ,0.030 ,0.710 ,0.004 ,9.7 ,0.0 ,2.2 ,50 ,71.9 ,7 ,54637 
20241122 ,16 ,0.026 ,0.012 ,0.410 ,0.003 ,6.2 ,0.0 ,2.2 ,270 ,48.0 ,13 ,54684 
20241123 ,10 ,0.013 ,0.023 ,0.460 ,0.003 ,6.4 ,0.0 ,1.7 ,50 ,47.1 ,12 ,43418 
20241124 ,8 ,0.014 ,0.022 ,0.450 ,0.003 ,7.4 ,0.0 ,1.6 ,70 ,58.4 ,12 ,44895 
20241125 ,10 ,0.013 ,0.027 ,0.550 ,0.003 ,10.1 ,0.0 ,2.5 ,70 ,57.6 ,10 ,52433 
20241126 ,5 ,0.023 ,0.013 ,0.340 ,0.003 ,5.8 ,26.0 ,3.4 ,270 ,86.4 ,4 ,52915 
20241127 ,5 ,0.022 ,0.014 ,0.320 ,0.002 ,-0.4 ,22.4 ,1.4 ,250 ,90.6 ,1 ,47119 
20241128 ,10 ,0.023 ,0.015 ,0.390 ,0.002 ,0.8 ,4.9 ,1.8 ,250 ,82.0 ,8 ,47082 
20241129 ,13 ,0.013 ,0.023 ,0.450 ,0.002 ,0.2 ,0.0 ,1.5 ,290 ,76.3 ,8 ,54292 
20241130 ,13 ,0.006 ,0.030 ,0.640 ,0.003 ,2.5 ,0.0 ,1.8 ,50 ,81.6 ,5 ,41535 
20241201 ,16 ,0.007 ,0.026 ,0.670 ,0.003 ,5.2 ,0.5 ,2.4 ,50 ,89.3 ,7 ,42728 
20241202 ,23 ,0.016 ,0.025 ,0.750 ,0.003 ,6.4 ,0.0 ,2.2 ,50 ,79.9 ,5 ,51355 
20241203 ,6 ,0.026 ,0.012 ,0.310 ,0.003 ,1.3 ,0.0 ,2.4 ,270 ,48.6 ,12 ,54167 
20241204 ,8 ,0.024 ,0.015 ,0.370 ,0.003 ,3.1 ,0.0 ,2.1 ,250 ,52.1 ,11 ,51881 
20241205 ,7 ,0.022 ,0.018 ,0.410 ,0.003 ,3.9 ,1.8 ,2.3 ,250 ,62.8 ,10 ,54268 
20241206 ,7 ,0.029 ,0.010 ,0.330 ,0.003 ,2.1 ,0.0 ,2.5 ,320 ,49.3 ,12 ,50859 
20241207 ,9 ,0.026 ,0.011 ,0.370 ,0.002 ,0.2 ,0.0 ,2.5 ,270 ,56.9 ,11 ,44869 
20241208 ,9 ,0.029 ,0.008 ,0.340 ,0.002 ,-0.2 ,0.0 ,2.2 ,270 ,46.5 ,12 ,2462 
20241209 ,13 ,0.010 ,0.028 ,0.560 ,0.003 ,1.0 ,0.0 ,1.6 ,270 ,56.1 ,11 ,35661 
20241210 ,19 ,0.016 ,0.027 ,0.660 ,0.003 ,2.6 ,0.0 ,1.9 ,290 ,58.9 ,11 ,52575 
20241211 ,29 ,0.017 ,0.025 ,0.730 ,0.004 ,3.0 ,0.0 ,1.6 ,270 ,50.3 ,9 ,52199 
20241212 ,20 ,0.015 ,0.021 ,0.520 ,0.003 ,0.5 ,0.0 ,2.1 ,270 ,45.8 ,10 ,53514 
20241213 ,13 ,0.023 ,0.018 ,0.400 ,0.003 ,1.0 ,0.0 ,2.2 ,270 ,42.1 ,7 ,54401 
20241214 ,12 ,0.024 ,0.016 ,0.410 ,0.003 ,-0.8 ,0.0 ,2.2 ,270 ,51.0 ,11 ,46001 
20241215 ,7 ,0.027 ,0.015 ,0.330 ,0.003 ,1.2 ,0.0 ,2.4 ,250 ,54.1 ,9 ,39798 
20241216 ,12 ,0.009 ,0.032 ,0.480 ,0.003 ,-0.2 ,0.0 ,1.2 ,270 ,65.9 ,6 ,46655 
20241217 ,12 ,0.018 ,0.020 ,0.410 ,0.003 ,-0.8 ,0.0 ,2.2 ,270 ,51.8 ,8 ,52934 
20241218 ,13 ,0.021 ,0.014 ,0.410 ,0.003 ,-3.4 ,0.0 ,2.2 ,270 ,47.1 ,11 ,53860 
20241219 ,23 ,0.008 ,0.035 ,0.630 ,0.004 ,-1.4 ,0.0 ,1.5 ,270 ,47.4 ,11 ,53997 
20241220 ,32 ,0.003 ,0.049 ,0.860 ,0.004 ,1.4 ,0.4 ,2.0 ,50 ,60.9 ,5 ,53864 
20241221 ,33 ,0.020 ,0.021 ,0.570 ,0.003 ,-0.7 ,2.9 ,2.8 ,270 ,74.1 ,4 ,29911 
20241222 ,8 ,0.028 ,0.012 ,0.320 ,0.003 ,-3.4 ,0.0 ,2.1 ,290 ,52.9 ,11 ,42854 
20241223 ,13 ,0.015 ,0.031 ,0.580 ,0.003 ,0.3 ,0.0 ,2.2 ,50 ,58.5 ,10 ,51799 
20241224 ,15 ,0.018 ,0.028 ,0.490 ,0.003 ,-0.4 ,0.0 ,1.4 ,270 ,50.3 ,11 ,25140 
20241225 ,18 ,0.013 ,0.038 ,0.650 ,0.003 ,2.7 ,0.1 ,2.0 ,50 ,63.1 ,6 ,44277 
20241226 ,29 ,0.025 ,0.015 ,0.470 ,0.003 ,0.1 ,0.0 ,3.4 ,270 ,57.9 ,11 ,51889 
20241227 ,14 ,0.027 ,0.014 ,0.350 ,0.003 ,-2.6 ,0.0 ,2.7 ,270 ,51.4 ,9 ,52839 
20241228 ,13 ,0.027 ,0.012 ,0.340 ,0.003 ,-3.0 ,0.0 ,2.5 ,270 ,48.3 ,11 ,18932 
20241229 ,13 ,0.015 ,0.029 ,0.500 ,0.003 ,1.1 ,0.0 ,1.5 ,270 ,56.1 ,9 ,39396 
20241230 ,32 ,0.015 ,0.037 ,0.680 ,0.003 ,5.5 ,0.0 ,2.3 ,50 ,68.5 ,6 ,50453 
20241231 ,18 ,0.026 ,0.016 ,0.400 ,0.003 ,0.6 ,0.0 ,2.6 ,270 ,45.8 ,12 ,52768 
20250101 ,19 ,0.018 ,0.030 ,0.550 ,0.003 ,2.6 ,0.0 ,2.2 ,250 ,64.3 ,9 ,35973 
20250102 ,17 ,0.020 ,0.024 ,0.490 ,0.003 ,0.5 ,0.0 ,2.1 ,270 ,48.8 ,11 ,46134 
20250103 ,12 ,0.025 ,0.017 ,0.390 ,0.003 ,-1.1 ,0.0 ,2.2 ,270 ,52.0 ,10 ,49668 
20250104 ,18 ,0.017 ,0.029 ,0.500 ,0.003 ,-0.1 ,0.0 ,1.7 ,50 ,49.6 ,11 ,19281 
20250105 ,24 ,0.007 ,0.037 ,0.610 ,0.002 ,1.2 ,6.7 ,2.5 ,50 ,85.0 ,1 ,30011 
20250106 ,40 ,0.027 ,0.020 ,0.570 ,0.002 ,1.0 ,3.0 ,2.8 ,290 ,75.6 ,6 ,47924 
20250107 ,13 ,0.027 ,0.014 ,0.360 ,0.002 ,-2.6 ,0.1 ,2.7 ,270 ,53.5 ,10 ,50407 
20250108 ,14 ,0.020 ,0.018 ,0.380 ,0.002 ,-3.4 ,0.0 ,2.7 ,270 ,55.1 ,8 ,41197 
20250109 ,9 ,0.030 ,0.007 ,0.280 ,0.002 ,-9.7 ,0.0 ,4.2 ,270 ,38.4 ,12 ,51513 
20250110 ,13 ,0.019 ,0.021 ,0.390 ,0.002 ,-7.3 ,0.0 ,1.6 ,320 ,48.0 ,12 ,53914 
20250111 ,20 ,0.012 ,0.033 ,0.520 ,0.002 ,-5.1 ,0.0 ,1.7 ,270 ,57.4 ,12 ,20357 
20250112 ,28 ,0.012 ,0.035 ,0.610 ,0.002 ,-3.4 ,0.0 ,1.8 ,20 ,59.9 ,10 ,39223 
20250113 ,39 ,0.006 ,0.044 ,0.830 ,0.003 ,-0.4 ,1.3 ,1.7 ,50 ,76.9 ,6 ,48674 
20250114 ,40 ,0.014 ,0.032 ,0.730 ,0.003 ,2.3 ,0.1 ,2.3 ,270 ,72.0 ,7 ,47554 
20250115 ,11 ,0.025 ,0.012 ,0.340 ,0.003 ,-3.5 ,0.0 ,2.9 ,270 ,40.8 ,13 ,26442 
20250116 ,17 ,0.012 ,0.029 ,0.500 ,0.003 ,-0.5 ,0.0 ,2.0 ,50 ,65.1 ,3 ,24633 
20250117 ,31 ,0.010 ,0.035 ,0.640 ,0.003 ,-0.5 ,0.0 ,1.8 ,270 ,62.4 ,12 ,27295 
20250118 ,26 ,0.006 ,0.048 ,0.750 ,0.003 ,1.0 ,0.0 ,1.6 ,50 ,54.1 ,11 ,30440 
20250119 ,32 ,0.010 ,0.044 ,0.700 ,0.003 ,3.8 ,0.0 ,1.8 ,50 ,65.0 ,8 ,22405 
20250120 ,73 ,0.013 ,0.043 ,0.880 ,0.003 ,3.9 ,0.0 ,1.7 ,50 ,73.1 ,8 ,49785 
20250121 ,95 ,0.004 ,0.058 ,1.130 ,0.004 ,2.4 ,0.0 ,1.6 ,20 ,79.8 ,9 ,37609 
20250122 ,61 ,0.016 ,0.039 ,0.800 ,0.004 ,3.6 ,0.0 ,1.9 ,250 ,70.3 ,9 ,47027 
20250123 ,32 ,0.013 ,0.039 ,0.680 ,0.003 ,2.0 ,0.0 ,1.6 ,270 ,54.3 ,13 ,39653 
20250124 ,24 ,0.010 ,0.039 ,0.660 ,0.003 ,3.1 ,0.0 ,1.5 ,20 ,45.9 ,13 ,48818 
20250125 ,11 ,0.020 ,0.027 ,0.480 ,0.003 ,5.2 ,0.0 ,3.1 ,50 ,52.8 ,12 ,36665 
20250126 ,6 ,0.028 ,0.019 ,0.360 ,0.002 ,4.6 ,0.0 ,2.8 ,50 ,50.5 ,7 ,39927 
20250127 ,16 ,0.031 ,0.012 ,0.340 ,0.002 ,0.2 ,5.6 ,3.5 ,270 ,77.9 ,5 ,34180 
20250128 ,20 ,0.035 ,0.007 ,0.380 ,0.002 ,-3.9 ,0.1 ,4.0 ,270 ,71.3 ,6 ,29494 
20250129 ,19 ,0.036 ,0.008 ,0.330 ,0.002 ,-4.6 ,0.2 ,3.1 ,270 ,66.1 ,12 ,37044 
20250130 ,13 ,0.030 ,0.015 ,0.350 ,0.002 ,-3.8 ,0.0 ,1.6 ,250 ,46.6 ,8 ,32621 
20250131 ,22 ,0.008 ,0.039 ,0.580 ,0.002 ,-0.8 ,2.4 ,2.1 ,50 ,80.1 ,2 ,42629 
20250201 ,32 ,0.010 ,0.036 ,0.650 ,0.002 ,1.6 ,0.0 ,1.6 ,50 ,74.3 ,11 ,17602 
20250202 ,24 ,0.021 ,0.025 ,0.560 ,0.003 ,1.5 ,0.0 ,2.0 ,250 ,67.1 ,12 ,36405 
20250203 ,16 ,0.039 ,0.009 ,0.390 ,0.002 ,-4.1 ,0.0 ,4.2 ,270 ,48.8 ,15 ,47938 
20250204 ,10 ,0.033 ,0.009 ,0.320 ,0.002 ,-9.0 ,0.0 ,3.7 ,270 ,50.8 ,16 ,39153 
20250205 ,9 ,0.034 ,0.010 ,0.330 ,0.002 ,-8.6 ,0.0 ,3.2 ,270 ,49.1 ,12 ,49027 
20250206 ,12 ,0.020 ,0.025 ,0.430 ,0.002 ,-5.6 ,2.3 ,1.7 ,180 ,59.9 ,11 ,24239 
20250207 ,11 ,0.033 ,0.011 ,0.350 ,0.002 ,-8.0 ,0.4 ,3.9 ,290 ,60.1 ,15 ,46074 
20250208 ,10 ,0.033 ,0.011 ,0.340 ,0.002 ,-7.9 ,0.0 ,2.8 ,270 ,54.5 ,16 ,17674 
20250209 ,13 ,0.027 ,0.019 ,0.440 ,0.002 ,-4.7 ,0.0 ,2.2 ,250 ,63.8 ,16 ,11223 
20250210 ,16 ,0.021 ,0.027 ,0.510 ,0.002 ,-2.6 ,0.0 ,2.1 ,270 ,61.0 ,14 ,47259 
20250211 ,33 ,0.010 ,0.045 ,0.760 ,0.003 ,0.5 ,0.0 ,2.0 ,50 ,59.8 ,15 ,37802 
20250212 ,31 ,0.014 ,0.041 ,0.660 ,0.003 ,0.5 ,2.5 ,2.6 ,270 ,75.8 ,1 ,44614 
20250213 ,11 ,0.022 ,0.025 ,0.420 ,0.003 ,0.2 ,0.0 ,2.2 ,250 ,53.1 ,17 ,35940 
20250214 ,34 ,0.012 ,0.043 ,0.720 ,0.003 ,3.7 ,0.0 ,1.9 ,20 ,67.4 ,15 ,48804 
20250215 ,43 ,0.016 ,0.037 ,0.660 ,0.003 ,4.1 ,0.0 ,1.6 ,50 ,76.5 ,8 ,30099 
20250216 ,48 ,0.026 ,0.028 ,0.630 ,0.003 ,4.3 ,0.0 ,2.5 ,20 ,75.6 ,9 ,39535 
20250217 ,10 ,0.034 ,0.012 ,0.320 ,0.003 ,-0.3 ,0.0 ,3.6 ,270 ,39.1 ,18 ,46292 
20250218 ,11 ,0.032 ,0.012 ,0.330 ,0.003 ,-2.3 ,0.0 ,3.4 ,270 ,40.3 ,18 ,41823 
20250219 ,11 ,0.031 ,0.012 ,0.350 ,0.002 ,-3.0 ,0.0 ,3.0 ,290 ,44.8 ,18 ,49750 
20250220 ,13 ,0.030 ,0.015 ,0.400 ,0.002 ,-2.9 ,0.0 ,2.7 ,290 ,43.3 ,18 ,39982 
20250221 ,16 ,0.031 ,0.015 ,0.410 ,0.002 ,-2.5 ,0.0 ,2.7 ,270 ,45.3 ,18 ,26164 
20250222 ,18 ,0.033 ,0.014 ,0.390 ,0.002 ,-2.3 ,0.0 ,2.7 ,250 ,49.1 ,18 ,18986 
20250223 ,16 ,0.036 ,0.010 ,0.360 ,0.002 ,-3.6 ,0.0 ,3.0 ,270 ,45.4 ,18 ,40629 
20250224 ,15 ,0.029 ,0.019 ,0.430 ,0.003 ,-1.3 ,0.0 ,2.3 ,290 ,49.8 ,19 ,48056 
20250225 ,17 ,0.022 ,0.032 ,0.510 ,0.003 ,2.1 ,0.0 ,2.9 ,230 ,72.6 ,11 ,38300 
20250226 ,31 ,0.029 ,0.024 ,0.490 ,0.003 ,3.7 ,0.0 ,2.6 ,270 ,49.4 ,18 ,49794 
20250227 ,14 ,0.018 ,0.040 ,0.610 ,0.003 ,5.8 ,0.0 ,1.9 ,20 ,29.4 ,18 ,50402 
20250228 ,31 ,0.013 ,0.050 ,0.830 ,0.003 ,7.8 ,0.0 ,1.5 ,20 ,52.4 ,10 ,51850 
20250301 ,49 ,0.010 ,0.045 ,0.820 ,0.003 ,8.5 ,0.6 ,2.0 ,50 ,68.5 ,8 ,13673 
20250302 ,32 ,0.027 ,0.026 ,0.550 ,0.003 ,8.3 ,11.8 ,3.7 ,70 ,68.0 ,5 ,38420 
20250303 ,5 ,0.040 ,0.011 ,0.270 ,0.002 ,3.1 ,10.4 ,6.3 ,70 ,63.5 ,16 ,20997 
20250304 ,4 ,0.034 ,0.018 ,0.320 ,0.002 ,2.5 ,4.0 ,4.5 ,50 ,68.3 ,6 ,46686 
20250305 ,4 ,0.030 ,0.019 ,0.340 ,0.002 ,4.8 ,0.0 ,2.2 ,50 ,63.3 ,9 ,47066 
20250306 ,26 ,0.031 ,0.021 ,0.520 ,0.003 ,4.8 ,0.0 ,2.3 ,270 ,55.1 ,19 ,48059 
20250307 ,47 ,0.032 ,0.033 ,0.630 ,0.003 ,5.3 ,0.0 ,1.8 ,50 ,49.3 ,15 ,48194 
20250308 ,37 ,0.035 ,0.026 ,0.490 ,0.003 ,5.8 ,0.0 ,2.2 ,270 ,55.0 ,18 ,5984 
20250309 ,36 ,0.030 ,0.024 ,0.490 ,0.002 ,6.9 ,0.0 ,1.7 ,270 ,67.3 ,19 ,37663 
20250310 ,52 ,0.028 ,0.031 ,0.610 ,0.003 ,8.0 ,0.0 ,2.1 ,50 ,59.8 ,19 ,42632 
20250311 ,44 ,0.030 ,0.034 ,0.570 ,0.003 ,9.4 ,0.0 ,1.8 ,270 ,58.0 ,20 ,40851 
20250312 ,27 ,0.030 ,0.029 ,0.480 ,0.003 ,8.5 ,0.0 ,2.1 ,270 ,72.3 ,6 ,43363 
20250313 ,24 ,0.025 ,0.023 ,0.490 ,0.003 ,8.9 ,0.0 ,2.4 ,270 ,54.6 ,19 ,43912 
20250314 ,18 ,0.022 ,0.031 ,0.540 ,0.003 ,12.4 ,0.0 ,1.8 ,70 ,31.4 ,20 ,42221 
20250315 ,12 ,0.036 ,0.017 ,0.360 ,0.003 ,12.6 ,0.0 ,2.8 ,70 ,39.1 ,17 ,15826 
20250316 ,19 ,0.040 ,0.009 ,0.310 ,0.002 ,4.9 ,0.8 ,3.6 ,270 ,56.3 ,10 ,36013 
20250317 ,21 ,0.039 ,0.015 ,0.360 ,0.003 ,2.5 ,0.4 ,2.9 ,270 ,46.0 ,19 ,39061 
20250318 ,21 ,0.040 ,0.014 ,0.360 ,0.002 ,2.1 ,9.9 ,2.8 ,320 ,70.6 ,11 ,39748 
20250319 ,31 ,0.041 ,0.017 ,0.390 ,0.002 ,2.4 ,0.0 ,2.4 ,270 ,49.5 ,23 ,40657 
20250320 ,37 ,0.041 ,0.026 ,0.510 ,0.003 ,8.2 ,0.0 ,2.7 ,230 ,62.8 ,18 ,37996 
20250321 ,49 ,0.047 ,0.025 ,0.560 ,0.003 ,11.6 ,0.0 ,2.9 ,250 ,61.3 ,20 ,39515 
20250322 ,47 ,0.037 ,0.027 ,0.600 ,0.004 ,12.8 ,0.0 ,2.7 ,200 ,53.8 ,21 ,23254 
20250323 ,48 ,0.045 ,0.025 ,0.570 ,0.004 ,15.2 ,0.0 ,1.9 ,70 ,49.0 ,20 ,23637 
20250324 ,47 ,0.046 ,0.026 ,0.580 ,0.004 ,15.5 ,0.0 ,3.0 ,250 ,56.1 ,19 ,37369 
20250325 ,58 ,0.047 ,0.022 ,0.570 ,0.003 ,12.7 ,0.0 ,3.3 ,200 ,63.5 ,14 ,38512 
20250326 ,19 ,0.024 ,0.037 ,0.660 ,0.003 ,15.5 ,0.0 ,2.2 ,50 ,46.4 ,21 ,38684 
20250327 ,24 ,0.043 ,0.015 ,0.410 ,0.003 ,13.7 ,0.3 ,3.2 ,290 ,65.1 ,8 ,17977 
20250328 ,18 ,0.037 ,0.010 ,0.350 ,0.002 ,6.5 ,0.0 ,3.7 ,290 ,41.6 ,21 ,37908 
20250329 ,10 ,0.038 ,0.012 ,0.290 ,0.002 ,3.3 ,0.0 ,3.6 ,290 ,40.8 ,16 ,15027 
20250330 ,9 ,0.042 ,0.012 ,0.280 ,0.002 ,3.3 ,0.0 ,2.8 ,250 ,51.1 ,14 ,35584 
20250331 ,16 ,0.036 ,0.025 ,0.410 ,0.002 ,7.7 ,0.0 ,2.2 ,250 ,50.5 ,23 ,36946 
20250401 ,35 ,0.041 ,0.031 ,0.520 ,0.003 ,10.1 ,0.0 ,1.8 ,20 ,53.0 ,23 ,23688 
20250404 ,29 ,0.041 ,0.029 ,0.430 ,0.003 ,10.6 ,0.0 ,2.2 ,250 ,54.5 ,24 ,12856 
20250405 ,17 ,0.034 ,0.023 ,0.450 ,0.002 ,8.0 ,22.8 ,1.9 ,50 ,86.1 ,2 ,33611 
20250406 ,16 ,0.046 ,0.014 ,0.370 ,0.002 ,10.3 ,0.0 ,2.8 ,230 ,67.3 ,23 ,2356 
20250407 ,25 ,0.051 ,0.023 ,0.480 ,0.003 ,13.5 ,0.0 ,2.7 ,200 ,54.5 ,24 ,37278 
20250408 ,26 ,0.057 ,0.019 ,0.440 ,0.003 ,13.8 ,0.0 ,3.1 ,270 ,55.0 ,23 ,47914 
20250409 ,24 ,0.031 ,0.033 ,0.540 ,0.003 ,12.7 ,0.8 ,2.0 ,200 ,51.6 ,12 ,49230 
20250410 ,32 ,0.041 ,0.019 ,0.500 ,0.003 ,13.2 ,0.0 ,2.2 ,270 ,60.6 ,22 ,50111 
20250411 ,36 ,0.033 ,0.031 ,0.600 ,0.003 ,16.2 ,0.0 ,2.0 ,270 ,51.8 ,25 ,49318 
20250412 ,23 ,0.034 ,0.026 ,0.500 ,0.003 ,12.9 ,15.4 ,3.1 ,250 ,66.5 ,8 ,37606 
20250413 ,8 ,0.037 ,0.010 ,0.290 ,0.002 ,5.5 ,4.2 ,4.2 ,200 ,71.1 ,12 ,39092 
20250414 ,8 ,0.030 ,0.019 ,0.390 ,0.002 ,4.4 ,7.4 ,2.5 ,50 ,87.4 ,6 ,46247 
20250415 ,14 ,0.034 ,0.017 ,0.410 ,0.002 ,8.2 ,0.0 ,2.7 ,250 ,70.3 ,27 ,48921 
20250416 ,24 ,0.043 ,0.024 ,0.500 ,0.003 ,14.6 ,0.0 ,2.5 ,70 ,58.0 ,22 ,50626 
20250417 ,23 ,0.053 ,0.024 ,0.470 ,0.003 ,19.7 ,0.0 ,2.6 ,180 ,63.5 ,15 ,52165 
20250418 ,30 ,0.047 ,0.026 ,0.520 ,0.003 ,18.6 ,0.0 ,2.4 ,270 ,67.9 ,15 ,52261 
20250419 ,20 ,0.028 ,0.016 ,0.380 ,0.003 ,15.3 ,9.2 ,3.0 ,250 ,89.1 ,3 ,35321 
20250420 ,12 ,0.034 ,0.014 ,0.430 ,0.002 ,16.7 ,0.0 ,1.7 ,270 ,70.0 ,27 ,40336 
20250421 ,14 ,0.026 ,0.023 ,0.500 ,0.003 ,20.7 ,0.0 ,2.2 ,70 ,65.3 ,23 ,48779 
20250422 ,9 ,0.018 ,0.018 ,0.440 ,0.003 ,17.8 ,34.8 ,1.5 ,320 ,87.8 ,3 ,37954 
20250423 ,5 ,0.039 ,0.017 ,0.410 ,0.003 ,16.8 ,0.0 ,2.5 ,50 ,62.4 ,26 ,46606 
20250424 ,23 ,0.043 ,0.019 ,0.430 ,0.003 ,14.7 ,0.0 ,3.1 ,250 ,52.4 ,27 ,52318 
20250425 ,23 ,0.039 ,0.014 ,0.360 ,0.003 ,12.5 ,0.0 ,3.0 ,270 ,38.4 ,28 ,52350 
20250426 ,10 ,0.039 ,0.018 ,0.350 ,0.003 ,13.8 ,0.0 ,2.8 ,200 ,53.1 ,27 ,48081 
20250427 ,7 ,0.044 ,0.016 ,0.360 ,0.003 ,14.9 ,0.0 ,2.8 ,250 ,46.4 ,19 ,45080 
20250428 ,11 ,0.044 ,0.016 ,0.340 ,0.003 ,15.1 ,0.0 ,2.7 ,270 ,45.6 ,27 ,48983 
20250429 ,21 ,0.036 ,0.023 ,0.410 ,0.003 ,14.8 ,0.0 ,2.3 ,270 ,34.1 ,28 ,50507 
20250430 ,17 ,0.039 ,0.028 ,0.520 ,0.003 ,18.4 ,0.0 ,2.6 ,50 ,36.3 ,28 ,52389 
20250501 ,13 ,0.040 ,0.020 ,0.420 ,0.003 ,14.7 ,21.1 ,2.2 ,230 ,69.6 ,2 ,39102 
20250502 ,8 ,0.041 ,0.013 ,0.350 ,0.002 ,13.4 ,0.0 ,3.1 ,250 ,59.3 ,25 ,49105 
20250503 ,6 ,0.037 ,0.015 ,0.330 ,0.002 ,11.2 ,7.3 ,2.3 ,270 ,80.5 ,8 ,45447 
20250504 ,9 ,0.042 ,0.016 ,0.380 ,0.003 ,13.7 ,0.0 ,2.8 ,250 ,60.9 ,29 ,40414 
20250505 ,9 ,0.034 ,0.018 ,0.410 ,0.002 ,12.1 ,0.0 ,2.3 ,50 ,64.5 ,7 ,39896 
20250506 ,6 ,0.036 ,0.015 ,0.360 ,0.002 ,14.4 ,0.0 ,2.2 ,270 ,57.5 ,20 ,40574 
20250507 ,11 ,0.038 ,0.018 ,0.380 ,0.003 ,14.9 ,0.0 ,2.2 ,250 ,61.5 ,28 ,34192 
20250508 ,14 ,0.033 ,0.022 ,0.450 ,0.003 ,17.4 ,0.0 ,1.8 ,270 ,53.5 ,27 ,52065 
20250509 ,12 ,0.027 ,0.024 ,0.430 ,0.003 ,15.1 ,17.6 ,3.0 ,50 ,81.8 ,4 ,49345 
20250510 ,10 ,0.035 ,0.017 ,0.440 ,0.002 ,12.3 ,14.1 ,3.5 ,200 ,95.5 ,2 ,36491 
20250511 ,27 ,0.049 ,0.016 ,0.520 ,0.003 ,14.7 ,0.0 ,1.9 ,270 ,76.9 ,16 ,41373 
20250512 ,26 ,0.045 ,0.023 ,0.490 ,0.003 ,17.0 ,0.0 ,2.1 ,230 ,62.6 ,29 ,48994 
20250513 ,22 ,0.043 ,0.028 ,0.530 ,0.003 ,19.9 ,0.0 ,2.7 ,230 ,47.4 ,24 ,50730 
20250514 ,21 ,0.047 ,0.026 ,0.500 ,0.003 ,21.0 ,0.0 ,2.4 ,230 ,52.8 ,26 ,51289 
20250515 ,17 ,0.030 ,0.019 ,0.440 ,0.003 ,19.5 ,1.1 ,2.3 ,200 ,80.9 ,10 ,50695 
20250516 ,18 ,0.011 ,0.023 ,0.500 ,0.003 ,19.4 ,51.3 ,1.8 ,50 ,92.6 ,4 ,50825 
20250517 ,6 ,0.028 ,0.015 ,0.330 ,0.003 ,18.3 ,2.2 ,2.6 ,230 ,86.4 ,17 ,46864 
20250518 ,11 ,0.039 ,0.009 ,0.330 ,0.002 ,15.6 ,0.0 ,2.6 ,270 ,59.3 ,28 ,42704 
20250519 ,14 ,0.034 ,0.021 ,0.460 ,0.003 ,16.1 ,1.6 ,2.8 ,200 ,70.4 ,12 ,48695 
20250520 ,8 ,0.023 ,0.017 ,0.390 ,0.003 ,22.2 ,1.0 ,2.5 ,230 ,85.5 ,13 ,50460 
20250521 ,8 ,0.028 ,0.013 ,0.350 ,0.003 ,25.5 ,0.0 ,2.1 ,270 ,75.5 ,22 ,51366 
20250522 ,11 ,0.033 ,0.018 ,0.410 ,0.003 ,23.9 ,0.8 ,2.1 ,50 ,68.0 ,23 ,41482 
20250523 ,16 ,0.028 ,0.021 ,0.440 ,0.003 ,19.4 ,1.2 ,2.8 ,70 ,53.8 ,9 ,51183 
20250524 ,11 ,0.034 ,0.014 ,0.350 ,0.002 ,15.6 ,4.3 ,3.1 ,50 ,69.1 ,11 ,45979 
20250525 ,9 ,0.040 ,0.011 ,0.320 ,0.002 ,17.4 ,0.0 ,2.1 ,270 ,61.0 ,30 ,43220 
20250526 ,20 ,0.049 ,0.022 ,0.480 ,0.003 ,19.7 ,0.0 ,1.7 ,270 ,59.4 ,27 ,49300 
20250527 ,32 ,0.062 ,0.023 ,0.540 ,0.004 ,20.8 ,0.0 ,1.9 ,270 ,57.0 ,27 ,52116 
20250528 ,39 ,0.055 ,0.023 ,0.520 ,0.004 ,20.8 ,0.0 ,1.8 ,270 ,62.0 ,22 ,51561 
20250529 ,24 ,0.055 ,0.018 ,0.430 ,0.003 ,21.2 ,0.0 ,2.2 ,270 ,58.4 ,27 ,52248 
20250530 ,25 ,0.046 ,0.022 ,0.460 ,0.003 ,22.2 ,0.0 ,1.7 ,50 ,55.0 ,26 ,52511 
20250531 ,26 ,0.058 ,0.020 ,0.430 ,0.003 ,21.5 ,0.0 ,2.0 ,50 ,55.0 ,21 ,48501 
20250601 ,36 ,0.061 ,0.017 ,0.460 ,0.003 ,22.6 ,0.0 ,2.0 ,270 ,57.8 ,27 ,41595 
20250602 ,34 ,0.035 ,0.029 ,0.520 ,0.003 ,21.0 ,0.0 ,1.5 ,270 ,64.3 ,6 ,49809 
20250603 ,22 ,0.049 ,0.013 ,0.370 ,0.003 ,20.9 ,0.0 ,2.9 ,250 ,56.9 ,27 ,38853 
20250604 ,6 ,0.044 ,0.014 ,0.330 ,0.003 ,20.5 ,0.0 ,3.5 ,250 ,55.3 ,29 ,49974 
20250605 ,10 ,0.046 ,0.021 ,0.360 ,0.003 ,21.7 ,0.0 ,2.3 ,270 ,49.8 ,29 ,36891 
20250606 ,12 ,0.050 ,0.020 ,0.430 ,0.003 ,24.1 ,0.0 ,3.0 ,230 ,42.6 ,29 ,1954 
20250607 ,20 ,0.047 ,0.015 ,0.400 ,0.003 ,23.7 ,0.1 ,2.6 ,230 ,61.4 ,18 ,23959 
20250608 ,15 ,0.037 ,0.011 ,0.330 ,0.002 ,25.1 ,0.6 ,1.7 ,250 ,69.3 ,22 ,21394 
20250609 ,17 ,0.057 ,0.016 ,0.390 ,0.002 ,24.2 ,0.0 ,2.6 ,270 ,66.6 ,26 ,49651 
20250610 ,10 ,0.037 ,0.017 ,0.370 ,0.003 ,21.7 ,0.0 ,2.5 ,250 ,71.6 ,14 ,50966 
20250611 ,12 ,0.047 ,0.016 ,0.390 ,0.003 ,22.7 ,0.0 ,2.4 ,270 ,54.6 ,31 ,52001 
20250612 ,20 ,0.059 ,0.024 ,0.480 ,0.003 ,25.5 ,0.0 ,1.9 ,50 ,50.4 ,30 ,52455 
20250613 ,27 ,0.057 ,0.030 ,0.520 ,0.004 ,24.0 ,1.5 ,1.9 ,270 ,60.9 ,16 ,52122 
20250614 ,15 ,0.045 ,0.020 ,0.370 ,0.003 ,25.6 ,0.0 ,2.0 ,270 ,66.3 ,21 ,48381 
20250615 ,15 ,0.039 ,0.014 ,0.340 ,0.003 ,26.3 ,11.8 ,2.5 ,180 ,69.6 ,22 ,42512 
20250616 ,15 ,0.039 ,0.016 ,0.410 ,0.002 ,23.0 ,20.0 ,2.7 ,200 ,87.8 ,5 ,48666 
20250617 ,19 ,0.069 ,0.018 ,0.410 ,0.003 ,24.8 ,0.0 ,2.5 ,180 ,73.3 ,23 ,51755 
20250618 ,21 ,0.063 ,0.020 ,0.450 ,0.003 ,25.5 ,0.0 ,2.0 ,270 ,65.3 ,27 ,51392 
20250619 ,17 ,0.043 ,0.026 ,0.460 ,0.003 ,28.1 ,0.8 ,2.0 ,50 ,57.9 ,24 ,52653 
20250620 ,4 ,0.011 ,0.010 ,0.270 ,0.003 ,24.1 ,51.1 ,3.9 ,200 ,93.4 ,3 ,50747 
20250621 ,9 ,0.027 ,0.014 ,0.330 ,0.003 ,22.0 ,0.2 ,2.1 ,250 ,88.1 ,7 ,7283 
20250622 ,14 ,0.051 ,0.014 ,0.390 ,0.003 ,23.3 ,0.0 ,2.3 ,250 ,68.6 ,31 ,44167 
20250623 ,19 ,0.054 ,0.020 ,0.470 ,0.003 ,26.1 ,0.0 ,1.8 ,270 ,64.8 ,28 ,50746 
20250624 ,10 ,0.026 ,0.022 ,0.440 ,0.003 ,25.0 ,2.3 ,2.6 ,50 ,63.4 ,10 ,52654 
20250625 ,4 ,0.025 ,0.019 ,0.410 ,0.003 ,20.9 ,8.0 ,2.5 ,50 ,88.9 ,5 ,51281 
20250626 ,6 ,0.024 ,0.016 ,0.380 ,0.003 ,22.2 ,1.1 ,1.7 ,270 ,85.3 ,7 ,51338 
20250627 ,13 ,0.028 ,0.024 ,0.500 ,0.003 ,25.0 ,0.0 ,1.4 ,50 ,78.1 ,13 ,52810 
20250628 ,17 ,0.018 ,0.019 ,0.440 ,0.003 ,26.2 ,0.6 ,1.4 ,270 ,85.0 ,7 ,45335 
20250629 ,8 ,0.022 ,0.011 ,0.310 ,0.003 ,27.1 ,0.0 ,2.3 ,230 ,77.1 ,12 ,43578 
20250630 ,5 ,0.014 ,0.013 ,0.300 ,0.003 ,28.2 ,0.0 ,2.4 ,180 ,74.6 ,16 ,49154 
20250701 ,4 ,0.011 ,0.012 ,0.270 ,0.003 ,28.6 ,0.9 ,3.0 ,200 ,78.6 ,17 ,40830 
20250702 ,5 ,0.012 ,0.012 ,0.270 ,0.003 ,28.6 ,0.0 ,2.9 ,200 ,76.3 ,14 ,51643 
20250703 ,15 ,0.015 ,0.014 ,0.310 ,0.003 ,28.3 ,0.0 ,2.8 ,230 ,75.5 ,14 ,51929 
20250704 ,14 ,0.024 ,0.016 ,0.360 ,0.003 ,27.2 ,0.0 ,3.2 ,230 ,77.0 ,8 ,53457 
20250705 ,11 ,0.030 ,0.013 ,0.280 ,0.003 ,28.4 ,0.0 ,2.8 ,200 ,72.9 ,15 ,3417 
20250707 ,32 ,0.051 ,0.019 ,0.500 ,0.003 ,29.1 ,0.0 ,1.9 ,270 ,79.0 ,11 ,39095 
20250708 ,28 ,0.036 ,0.019 ,0.450 ,0.003 ,31.3 ,11.8 ,1.9 ,50 ,72.5 ,23 ,52689 
20250709 ,15 ,0.028 ,0.018 ,0.420 ,0.003 ,31.9 ,0.0 ,2.2 ,50 ,61.1 ,24 ,52347 
20250710 ,9 ,0.033 ,0.017 ,0.360 ,0.003 ,31.4 ,0.0 ,2.9 ,50 ,46.6 ,30 ,52840 
20250711 ,7 ,0.036 ,0.017 ,0.320 ,0.002 ,30.2 ,0.0 ,3.3 ,70 ,47.1 ,30 ,52803 
20250712 ,7 ,0.038 ,0.018 ,0.310 ,0.002 ,30.3 ,0.0 ,2.3 ,70 ,47.5 ,30 ,47243 
20250713 ,18 ,0.041 ,0.019 ,0.400 ,0.003 ,27.7 ,0.0 ,1.5 ,270 ,66.8 ,10 ,41737 
20250714 ,11 ,0.034 ,0.014 ,0.340 ,0.003 ,24.2 ,13.6 ,2.0 ,290 ,78.3 ,7 ,49587 
20250715 ,4 ,0.030 ,0.011 ,0.310 ,0.002 ,23.6 ,4.0 ,2.3 ,290 ,84.1 ,10 ,51504 
20250716 ,10 ,0.029 ,0.024 ,0.460 ,0.003 ,23.3 ,73.1 ,2.1 ,110 ,90.1 ,2 ,51165 
20250717 ,5 ,0.033 ,0.023 ,0.430 ,0.003 ,23.3 ,75.5 ,2.1 ,70 ,94.3 ,5 ,49769 
20250718 ,5 ,0.027 ,0.023 ,0.430 ,0.003 ,24.7 ,16.1 ,1.7 ,50 ,89.5 ,7 ,51014 
20250719 ,4 ,0.022 ,0.019 ,0.360 ,0.003 ,23.9 ,84.0 ,2.0 ,50 ,95.4 ,4 ,46114 
20250720 ,5 ,0.013 ,0.009 ,0.260 ,0.003 ,27.7 ,14.8 ,2.8 ,180 ,82.8 ,17 ,42704 
20250721 ,6 ,0.010 ,0.013 ,0.320 ,0.003 ,28.5 ,0.0 ,2.3 ,230 ,77.4 ,19 ,50861 
20250722 ,5 ,0.016 ,0.011 ,0.250 ,0.003 ,28.8 ,0.1 ,2.7 ,270 ,75.6 ,20 ,40856 
20250723 ,5 ,0.016 ,0.012 ,0.250 ,0.003 ,28.9 ,0.0 ,1.8 ,320 ,70.4 ,22 ,52702 
20250724 ,8 ,0.030 ,0.014 ,0.290 ,0.003 ,29.8 ,0.0 ,1.9 ,270 ,68.0 ,25 ,53186 
20250725 ,23 ,0.043 ,0.020 ,0.380 ,0.003 ,31.1 ,0.0 ,1.9 ,290 ,64.6 ,26 ,53533 
20250726 ,14 ,0.032 ,0.021 ,0.350 ,0.003 ,32.3 ,0.0 ,1.7 ,50 ,61.9 ,24 ,48177 
20250727 ,11 ,0.036 ,0.013 ,0.270 ,0.002 ,32.8 ,0.0 ,2.0 ,50 ,62.4 ,28 ,42305 
20250728 ,24 ,0.043 ,0.015 ,0.370 ,0.002 ,32.2 ,0.0 ,2.0 ,270 ,67.3 ,27 ,51374 
20250729 ,23 ,0.054 ,0.018 ,0.380 ,0.003 ,32.0 ,0.0 ,2.0 ,270 ,64.0 ,20 ,52210 
20250730 ,18 ,0.038 ,0.024 ,0.400 ,0.003 ,32.1 ,0.0 ,1.7 ,50 ,62.9 ,20 ,52922 
20250731 ,18 ,0.041 ,0.021 ,0.370 ,0.003 ,30.9 ,0.0 ,2.0 ,50 ,62.3 ,13 ,52656 
20250801 ,25 ,0.046 ,0.019 ,0.380 ,0.003 ,31.0 ,0.0 ,1.9 ,50 ,66.9 ,16 ,52399 
20250802 ,21 ,0.042 ,0.014 ,0.310 ,0.003 ,31.2 ,0.0 ,1.8 ,270 ,62.1 ,21 ,47111 
20250803 ,21 ,0.030 ,0.017 ,0.370 ,0.003 ,28.8 ,1.3 ,2.0 ,50 ,69.0 ,8 ,40062 
20250804 ,11 ,0.032 ,0.014 ,0.320 ,0.002 ,28.1 ,1.9 ,2.2 ,50 ,75.5 ,16 ,42298 
20250805 ,10 ,0.031 ,0.017 ,0.330 ,0.003 ,29.1 ,0.0 ,2.2 ,230 ,67.4 ,23 ,50798 
20250806 ,7 ,0.022 ,0.014 ,0.320 ,0.002 ,27.1 ,22.0 ,3.2 ,200 ,89.0 ,6 ,28802 
20250807 ,8 ,0.036 ,0.011 ,0.350 ,0.002 ,28.2 ,0.0 ,2.7 ,270 ,70.8 ,27 ,52339 
20250808 ,13 ,0.034 ,0.019 ,0.410 ,0.002 ,26.6 ,6.3 ,1.6 ,270 ,74.8 ,9 ,52270 
20250809 ,13 ,0.018 ,0.017 ,0.410 ,0.002 ,24.9 ,3.5 ,1.4 ,50 ,82.1 ,5 ,47623 
20250810 ,10 ,0.033 ,0.012 ,0.340 ,0.002 ,27.3 ,0.0 ,1.7 ,250 ,70.0 ,27 ,42404 
20250811 ,15 ,0.027 ,0.022 ,0.480 ,0.003 ,27.0 ,0.0 ,2.0 ,50 ,73.9 ,10 ,48303 
20250812 ,10 ,0.036 ,0.019 ,0.410 ,0.003 ,28.6 ,0.0 ,2.2 ,140 ,62.9 ,27 ,50345 
20250813 ,4 ,0.019 ,0.016 ,0.350 ,0.002 ,25.1 ,126.7 ,2.6 ,50 ,91.8 ,2 ,46151 
20250814 ,5 ,0.017 ,0.016 ,0.330 ,0.002 ,25.5 ,47.8 ,2.2 ,230 ,91.1 ,6 ,48903 
20250815 ,7 ,0.020 ,0.016 ,0.330 ,0.003 ,27.1 ,0.0 ,1.7 ,250 ,84.3 ,15 ,28695 
20250816 ,3 ,0.015 ,0.010 ,0.250 ,0.002 ,28.2 ,0.0 ,2.2 ,250 ,76.0 ,19 ,45074 
20250817 ,8 ,0.018 ,0.009 ,0.230 ,0.002 ,28.4 ,0.0 ,2.3 ,200 ,76.3 ,16 ,40742 
20250818 ,15 ,0.017 ,0.013 ,0.300 ,0.003 ,28.9 ,2.2 ,3.0 ,230 ,75.6 ,20 ,50757 
20250819 ,4 ,0.014 ,0.012 ,0.270 ,0.002 ,29.1 ,0.0 ,3.0 ,200 ,75.3 ,19 ,52813 
20250820 ,6 ,0.018 ,0.013 ,0.270 ,0.003 ,29.4 ,0.0 ,2.6 ,180 ,74.5 ,18 ,52964 
20250821 ,6 ,0.023 ,0.014 ,0.270 ,0.002 ,29.8 ,0.0 ,2.2 ,200 ,70.6 ,22 ,21351 
20250822 ,5 ,0.020 ,0.013 ,0.250 ,0.002 ,29.4 ,0.0 ,2.1 ,270 ,71.5 ,22 ,53747 
20250823 ,9 ,0.025 ,0.014 ,0.260 ,0.002 ,29.3 ,0.0 ,1.9 ,270 ,74.9 ,12 ,49691 
20250824 ,12 ,0.031 ,0.013 ,0.290 ,0.003 ,30.2 ,0.0 ,1.7 ,230 ,69.4 ,18 ,43337 
20250825 ,10 ,0.027 ,0.016 ,0.340 ,0.002 ,28.7 ,17.1 ,2.8 ,230 ,80.6 ,11 ,50884 
20250826 ,7 ,0.035 ,0.016 ,0.370 ,0.002 ,27.6 ,5.4 ,2.8 ,270 ,81.8 ,15 ,52220 
20250827 ,5 ,0.035 ,0.018 ,0.410 ,0.002 ,26.7 ,0.0 ,1.6 ,270 ,73.8 ,10 ,52903 
20250828 ,9 ,0.033 ,0.019 ,0.400 ,0.002 ,28.3 ,0.0 ,2.7 ,200 ,72.9 ,14 ,53992 
20250829 ,6 ,0.023 ,0.014 ,0.280 ,0.002 ,29.0 ,32.2 ,3.5 ,200 ,82.0 ,18 ,53358 
20250830 ,4 ,0.021 ,0.016 ,0.290 ,0.002 ,28.4 ,23.9 ,2.0 ,270 ,81.1 ,17 ,48682 
20250831 ,13 ,0.017 ,0.011 ,0.280 ,0.003 ,28.5 ,0.0 ,2.4 ,200 ,75.3 ,16 ,43598 
20250901 ,4 ,0.021 ,0.013 ,0.320 ,0.002 ,26.1 ,20.4 ,2.5 ,180 ,87.3 ,7 ,49479 
20250902 ,6 ,0.034 ,0.012 ,0.330 ,0.002 ,26.0 ,0.0 ,1.6 ,290 ,74.6 ,20 ,51803 
20250903 ,10 ,0.029 ,0.023 ,0.430 ,0.002 ,27.6 ,0.0 ,1.9 ,50 ,67.5 ,21 ,51685 
20250904 ,5 ,0.024 ,0.018 ,0.370 ,0.002 ,25.8 ,44.2 ,2.6 ,50 ,82.1 ,14 ,53192 
20250905 ,8 ,0.033 ,0.021 ,0.400 ,0.002 ,27.9 ,0.0 ,2.2 ,50 ,68.5 ,20 ,37896 
20250906 ,9 ,0.025 ,0.016 ,0.370 ,0.002 ,26.8 ,36.1 ,2.4 ,200 ,86.6 ,9 ,46218 
20250907 ,6 ,0.035 ,0.009 ,0.330 ,0.002 ,25.3 ,0.2 ,2.1 ,270 ,77.5 ,13 ,44182 
20250908 ,9 ,0.030 ,0.017 ,0.450 ,0.003 ,24.4 ,0.0 ,1.8 ,50 ,73.0 ,16 ,51412 
20250909 ,13 ,0.028 ,0.017 ,0.440 ,0.003 ,23.7 ,0.0 ,1.6 ,50 ,71.9 ,10 ,52126 
20250910 ,9 ,0.021 ,0.019 ,0.410 ,0.003 ,24.8 ,0.0 ,1.7 ,50 ,61.1 ,25 ,51900 
20250911 ,7 ,0.020 ,0.022 ,0.420 ,0.003 ,25.8 ,0.0 ,2.5 ,50 ,57.6 ,24 ,48610 
20250912 ,5 ,0.025 ,0.021 ,0.400 ,0.002 ,23.9 ,6.8 ,2.7 ,70 ,68.8 ,8 ,52560 
20250914 ,5 ,0.033 ,0.013 ,0.300 ,0.002 ,24.8 ,0.0 ,1.6 ,270 ,72.0 ,17 ,45317 
20250915 ,9 ,0.033 ,0.021 ,0.420 ,0.002 ,25.7 ,0.0 ,1.5 ,20 ,71.6 ,19 ,51722 
20250916 ,10 ,0.015 ,0.027 ,0.500 ,0.003 ,23.7 ,17.5 ,1.5 ,50 ,86.8 ,5 ,51594 
20250917 ,4 ,0.017 ,0.017 ,0.400 ,0.003 ,22.7 ,52.7 ,1.7 ,20 ,92.0 ,4 ,51270 
20250918 ,3 ,0.015 ,0.015 ,0.360 ,0.002 ,22.1 ,0.0 ,2.6 ,50 ,74.4 ,17 ,54284 
20250919 ,4 ,0.014 ,0.019 ,0.410 ,0.002 ,19.4 ,13.8 ,2.8 ,50 ,82.0 ,5 ,52285 
20250920 ,3 ,0.023 ,0.011 ,0.290 ,0.002 ,20.0 ,35.3 ,1.8 ,50 ,85.4 ,8 ,2329 
20250921 ,3 ,0.026 ,0.010 ,0.270 ,0.002 ,21.6 ,0.0 ,2.1 ,50 ,67.0 ,22 ,6607 
20250922 ,4 ,0.022 ,0.018 ,0.350 ,0.002 ,21.3 ,0.0 ,2.5 ,50 ,59.8 ,15 ,51147 
20250923 ,5 ,0.020 ,0.021 ,0.370 ,0.002 ,22.7 ,0.0 ,2.4 ,70 ,56.5 ,17 ,52503 
20250924 ,5 ,0.019 ,0.023 ,0.410 ,0.002 ,22.0 ,35.2 ,2.1 ,50 ,81.8 ,3 ,50823 
20250925 ,7 ,0.029 ,0.017 ,0.370 ,0.002 ,22.5 ,0.3 ,1.4 ,250 ,80.0 ,14 ,53022 
20250926 ,15 ,0.028 ,0.018 ,0.490 ,0.002 ,21.7 ,0.0 ,1.4 ,50 ,78.1 ,19 ,52005 
20250927 ,12 ,0.022 ,0.023 ,0.480 ,0.002 ,22.5 ,0.0 ,1.9 ,50 ,71.1 ,17 ,42408 
20250928 ,7 ,0.033 ,0.011 ,0.380 ,0.002 ,20.0 ,44.5 ,1.7 ,290 ,85.6 ,6 ,31881 
20250929 ,13 ,0.031 ,0.016 ,0.430 ,0.002 ,19.6 ,0.0 ,1.5 ,270 ,77.8 ,12 ,51708 
20250930 ,16 ,0.021 ,0.024 ,0.530 ,0.002 ,19.8 ,0.0 ,1.4 ,290 ,81.3 ,9 ,52819 
